"TRACT_2020","TRACT_prev","N","tot2020","allocation"
"17031010100","17031010100",2447,2447,1
"17031010201","17031010201",2912,2912,1
"17031010202","17031010202",1304,1304,1
"17031010300","17031010300",4066,4066,1
"17031010400","17031010400",3482,3482,1
"17031010501","17031010501",2446,2446,1
"17031010502","17031010502",1573,1573,1
"17031010503","17031010503",1215,1215,1
"17031010600","17031010600",3257,3257,1
"17031010701","17031010701",1554,1554,1
"17031010702","17031010702",2155,2155,1
"17031020100","17031020100",1529,1529,1
"17031020200","17031020200",2293,2293,1
"17031020301","17031020301",2015,2015,1
"17031020302","17031020302",2125,2125,1
"17031020400","17031020400",1789,1789,1
"17031020500","17031020500",2444,2444,1
"17031020601","17031020601",2040,2040,1
"17031020602","17031020602",1431,1431,1
"17031020701","17031020701",649,649,1
"17031020702","17031020702",2534,2534,1
"17031020801","17031020801",2091,2091,1
"17031020802","17031020802",2306,2306,1
"17031020901","17031020901",1940,1940,1
"17031020902","17031020902",2150,2150,1
"17031030101","17031030101",2161,2161,1
"17031030102","17031030102",1891,1891,1
"17031030103","17031030103",1625,1625,1
"17031030104","17031030104",2723,2723,1
"17031030200","17031030200",2634,2634,1
"17031030300","17031030300",1488,1488,1
"17031030400","17031030400",1485,1485,1
"17031030500","17031030500",3100,3100,1
"17031030601","17031030601",1604,1604,1
"17031030603","17031030603",1340,1340,1
"17031030604","17031030601",642,2685,0.239106145251397
"17031030604","17031030604",2043,2685,0.760893854748603
"17031030701","17031030701",1111,1111,1
"17031030702","17031030702",624,1119,0.557640750670241
"17031030702","17031030706",495,1119,0.442359249329759
"17031030703","17031030703",1707,1707,1
"17031030706","17031030706",2368,2368,1
"17031030800","17031030800",2219,2219,1
"17031030900","17031030900",1535,1535,1
"17031031000","17031031000",2046,2046,1
"17031031100","17031031100",2519,2519,1
"17031031200","17031031200",3005,3005,1
"17031031300","17031031300",4804,4804,1
"17031031400","17031031400",3346,3346,1
"17031031501","17031031501",2105,2105,1
"17031031502","17031031502",2340,2340,1
"17031031700","17031031700",3723,3723,1
"17031031800","17031031800",965,965,1
"17031031900","17031031900",1312,1312,1
"17031032100","17031032100",4012,4012,1
"17031040100","17031040100",1840,1840,1
"17031040201","17031040201",3086,3086,1
"17031040202","17031040202",3354,3354,1
"17031040300","17031040300",1211,1211,1
"17031040401","17031040401",1356,1356,1
"17031040402","17031040402",2489,2489,1
"17031040600","17031040600",1172,1172,1
"17031040700","17031040700",1563,1563,1
"17031040800","17031040800",913,913,1
"17031040900","17031040900",995,995,1
"17031050100","17031050100",1160,1160,1
"17031050200","17031050200",2300,2300,1
"17031050300","17031050300",1092,1092,1
"17031050500","17031050500",2283,2283,1
"17031050600","17031050600",1112,1112,1
"17031050700","17031050700",687,687,1
"17031050800","17031050800",605,605,1
"17031050900","17031050900",603,603,1
"17031051000","17031051000",762,762,1
"17031051100","17031051100",661,661,1
"17031051200","17031051200",675,675,1
"17031051300","17031051300",1142,1142,1
"17031051400","17031051400",796,796,1
"17031060100","17031060100",1272,1272,1
"17031060200","17031060200",1133,1133,1
"17031060300","17031060300",1415,1415,1
"17031060400","17031060400",1616,1616,1
"17031060500","17031060500",831,831,1
"17031060800","17031060800",2926,2926,1
"17031060900","17031060900",4796,4796,1
"17031061000","17031061000",1022,1022,1
"17031061100","17031061100",762,762,1
"17031061200","17031061200",838,838,1
"17031061500","17031061500",835,835,1
"17031061800","17031061800",834,834,1
"17031061901","17031061901",2187,2187,1
"17031061902","17031061902",2938,2938,1
"17031062000","17031062000",1661,1661,1
"17031062100","17031062100",1901,1901,1
"17031062200","17031062200",1346,1346,1
"17031062300","17031062300",744,744,1
"17031062400","17031062400",692,692,1
"17031062500","17031062500",751,751,1
"17031062600","17031062600",979,979,1
"17031062700","17031062700",1163,1163,1
"17031062800","17031062800",1585,1585,1
"17031062900","17031062900",1962,1962,1
"17031063000","17031063000",1852,1852,1
"17031063100","17031063100",1345,1345,1
"17031063200","17031063200",4358,4358,1
"17031063301","17031063301",1832,1832,1
"17031063302","17031063302",2727,2727,1
"17031063303","17031063303",947,947,1
"17031063400","17031063400",1316,1316,1
"17031070101","17031070101",2278,2278,1
"17031070102","17031070102",2029,2029,1
"17031070103","17031070103",1182,1182,1
"17031070200","17031070200",2305,2305,1
"17031070300","17031070300",1702,1702,1
"17031070400","17031070400",1663,1663,1
"17031070500","17031070500",1616,1616,1
"17031070600","17031070600",1340,1340,1
"17031070700","17031070700",1826,1826,1
"17031071000","17031071000",3087,3087,1
"17031071100","17031071100",1588,1588,1
"17031071200","17031071200",973,973,1
"17031071300","17031071300",1849,1849,1
"17031071400","17031071400",3150,3150,1
"17031071500","17031071500",4008,4008,1
"17031071600","17031071600",736,736,1
"17031071700","17031071700",778,778,1
"17031071800","17031071800",1122,1122,1
"17031080100","17031080100",4306,4306,1
"17031080201","17031080201",2287,2287,1
"17031080202","17031080202",2370,2370,1
"17031080300","17031080300",2778,2778,1
"17031080400","17031080400",2042,2042,1
"17031081000","17031081000",6088,6088,1
"17031081100","17031081100",2911,2911,1
"17031081201","17031081201",4661,4661,1
"17031081202","17031081202",2146,2146,1
"17031081300","17031081300",4948,4948,1
"17031081401","17031081401",3223,3223,1
"17031081402","17031081402",3042,3042,1
"17031081403","17031081403",8172,8172,1
"17031081500","17031081500",6681,6681,1
"17031081600","17031081600",3507,3507,1
"17031081700","17031081700",4285,4285,1
"17031081800","17031081800",6383,6383,1
"17031081900","17031081900",427,427,1
"17031090100","17031090100",1405,1405,1
"17031090200","17031090200",2756,2756,1
"17031090300","17031090300",496,496,1
"17031100100","17031100100",2278,2278,1
"17031100200","17031100200",3038,3038,1
"17031100300","17031100300",3045,3045,1
"17031100400","17031100400",1271,1271,1
"17031100500","17031100500",2171,2171,1
"17031100600","17031100600",1933,1933,1
"17031100700","17031100700",1849,1849,1
"17031110100","17031110100",2114,2114,1
"17031110200","17031110200",1267,1267,1
"17031110300","17031110300",1999,1999,1
"17031110400","17031110400",1908,1908,1
"17031110501","17031110501",1789,1789,1
"17031110502","17031110502",1525,1525,1
"17031120100","17031120100",1497,1497,1
"17031120200","17031120200",1732,1732,1
"17031120300","17031120300",2451,2451,1
"17031120400","17031120400",1280,1280,1
"17031130100","17031130100",2321,2321,1
"17031130200","17031130200",672,672,1
"17031130300","17031130300",1816,1816,1
"17031140100","17031140100",1147,1147,1
"17031140200","17031140200",2928,2928,1
"17031140301","17031140301",788,788,1
"17031140302","17031140302",1670,1670,1
"17031140400","17031140400",2332,2332,1
"17031140500","17031140500",1314,1314,1
"17031140601","17031140601",936,936,1
"17031140602","17031140602",1660,1660,1
"17031140701","17031140701",1035,1035,1
"17031140702","17031140702",2136,2136,1
"17031140800","17031140800",2676,2676,1
"17031150200","17031150200",3056,3056,1
"17031150300","17031150300",3082,3082,1
"17031150401","17031150401",1838,1838,1
"17031150402","17031150402",1297,1297,1
"17031150501","17031150501",1471,1471,1
"17031150502","17031150502",1549,1549,1
"17031150600","17031150600",1418,1418,1
"17031150700","17031150700",1524,1524,1
"17031150800","17031150800",1809,1809,1
"17031151001","17031151001",907,907,1
"17031151002","17031151002",1583,1583,1
"17031151100","17031151100",1814,1814,1
"17031151200","17031151200",1245,1245,1
"17031160100","17031160100",979,979,1
"17031160200","17031160200",1330,1330,1
"17031160300","17031160300",2029,2029,1
"17031160400","17031160400",1874,1874,1
"17031160501","17031160501",1328,1328,1
"17031160502","17031160502",1325,1325,1
"17031160601","17031160601",1369,1369,1
"17031160602","17031160602",1480,1480,1
"17031160700","17031160700",2508,2508,1
"17031160800","17031160800",1909,1909,1
"17031160900","17031160900",1077,1077,1
"17031161000","17031161000",835,835,1
"17031161100","17031161100",761,761,1
"17031161200","17031161200",978,978,1
"17031161300","17031161300",1453,1453,1
"17031170100","17031170100",1152,1152,1
"17031170200","17031170200",1279,1279,1
"17031170300","17031170300",1896,1896,1
"17031170400","17031170400",1552,1552,1
"17031170500","17031170500",2035,2035,1
"17031170600","17031170600",1028,1028,1
"17031170700","17031170700",1055,1055,1
"17031170800","17031170800",1447,1447,1
"17031170900","17031170900",666,666,1
"17031171000","17031171000",2771,2771,1
"17031171100","17031171100",1297,1297,1
"17031180100","17031180100",2155,2180,0.988532110091743
"17031180100","17031831500",25,2180,0.0114678899082569
"17031190100","17031190100",882,882,1
"17031190200","17031190200",1518,1518,1
"17031190300","17031190300",1755,1755,1
"17031190401","17031190401",1335,1335,1
"17031190402","17031190402",1868,1868,1
"17031190601","17031190601",1228,1228,1
"17031190602","17031190602",2021,2021,1
"17031190701","17031190701",893,893,1
"17031190702","17031190702",1453,1453,1
"17031190800","17031190800",2238,2238,1
"17031190900","17031190900",683,683,1
"17031191000","17031191000",793,793,1
"17031191100","17031191100",2221,2221,1
"17031191200","17031191200",1234,1234,1
"17031191301","17031191301",1627,1627,1
"17031191302","17031191302",1403,1403,1
"17031200100","17031200100",1388,1388,1
"17031200200","17031200200",1646,1646,1
"17031200300","17031200300",582,582,1
"17031200401","17031200401",1041,1041,1
"17031200402","17031200402",1076,1076,1
"17031210100","17031210100",1414,1414,1
"17031210400","17031210400",1023,1023,1
"17031210501","17031210501",1302,1302,1
"17031210502","17031210502",1468,1468,1
"17031210601","17031210601",950,950,1
"17031210602","17031210602",1555,1555,1
"17031210700","17031210700",1615,1615,1
"17031210800","17031210800",391,391,1
"17031210900","17031210900",1223,1223,1
"17031220300","17031220300",963,963,1
"17031220400","17031220400",1144,1144,1
"17031220500","17031220500",1287,1292,0.996130030959752
"17031220500","17031220602",5,1292,0.00386996904024768
"17031220601","17031220601",711,711,1
"17031220602","17031220602",2496,2496,1
"17031220701","17031220701",1082,1082,1
"17031220702","17031220702",1334,1334,1
"17031220901","17031220901",998,998,1
"17031220902","17031220902",1017,1017,1
"17031221000","17031221000",1044,1044,1
"17031221100","17031221100",2257,2257,1
"17031221200","17031221200",1295,1295,1
"17031221300","17031221300",1367,1367,1
"17031221400","17031221400",1339,1339,1
"17031221500","17031221500",1407,1407,1
"17031221600","17031221600",1423,1423,1
"17031222200","17031222200",937,937,1
"17031222500","17031222500",558,558,1
"17031222600","17031222600",707,707,1
"17031222700","17031222700",903,903,1
"17031222800","17031222800",354,354,1
"17031222900","17031222900",309,309,1
"17031230100","17031230100",600,600,1
"17031230200","17031222700",1,633,0.00157977883096367
"17031230200","17031230200",632,633,0.998420221169036
"17031230300","17031230300",270,270,1
"17031230400","17031230400",780,780,1
"17031230500","17031230500",1153,1153,1
"17031230600","17031230600",1992,1992,1
"17031230700","17031230700",1727,1727,1
"17031230800","17031230800",368,368,1
"17031230900","17031230900",2056,2056,1
"17031231100","17031231100",384,384,1
"17031231200","17031231200",1881,1881,1
"17031231500","17031231500",2054,2054,1
"17031240200","17031240200",811,811,1
"17031240300","17031240300",605,605,1
"17031240500","17031240500",1358,1358,1
"17031240600","17031240600",656,656,1
"17031240700","17031240700",663,663,1
"17031240800","17031240800",694,694,1
"17031240900","17031240900",519,519,1
"17031241000","17031241000",913,913,1
"17031241100","17031241100",1641,1641,1
"17031241200","17031241200",773,773,1
"17031241300","17031241300",955,955,1
"17031241400","17031241400",2514,2514,1
"17031241500","17031241500",1416,1416,1
"17031241600","17031241600",1729,1729,1
"17031242000","17031242000",2246,2246,1
"17031242100","17031242100",1754,1754,1
"17031242200","17031242200",1736,1736,1
"17031242300","17031242300",1625,1625,1
"17031242400","17031242400",1416,1416,1
"17031242500","17031242500",1626,1626,1
"17031242600","17031242600",2594,2594,1
"17031242700","17031242700",758,758,1
"17031242800","17031242800",619,619,1
"17031242900","17031242900",804,804,1
"17031243000","17031243000",1070,1070,1
"17031243100","17031243100",919,919,1
"17031243200","17031243200",983,983,1
"17031243300","17031243300",1140,1140,1
"17031243400","17031243400",1372,1372,1
"17031243500","17031243500",1811,1811,1
"17031250200","17031250200",790,790,1
"17031250300","17031250300",1593,1593,1
"17031250400","17031250400",1815,1815,1
"17031250500","17031250500",2901,2901,1
"17031250600","17031250600",1388,1388,1
"17031250700","17031250700",2113,2113,1
"17031250800","17031250800",809,809,1
"17031251000","17031251000",342,342,1
"17031251100","17031251100",1539,1539,1
"17031251200","17031251200",1155,1155,1
"17031251300","17031251300",1559,1559,1
"17031251400","17031251400",1787,1787,1
"17031251500","17031251500",1485,1485,1
"17031251600","17031251600",1096,1096,1
"17031251700","17031251700",374,374,1
"17031251800","17031251800",1706,1706,1
"17031251900","17031251900",1654,1654,1
"17031252000","17031252000",2435,2435,1
"17031252101","17031252101",504,504,1
"17031252102","17031252102",2289,2289,1
"17031252201","17031252201",1252,1252,1
"17031252202","17031252202",1671,1671,1
"17031260100","17031260100",560,560,1
"17031260200","17031260200",381,381,1
"17031260300","17031260300",571,571,1
"17031260400","17031260400",408,408,1
"17031260500","17031260500",539,539,1
"17031260600","17031260600",527,527,1
"17031260700","17031260700",566,566,1
"17031260800","17031260800",907,907,1
"17031260900","17031260900",521,521,1
"17031261000","17031261000",722,722,1
"17031270500","17031270500",647,647,1
"17031271200","17031271200",514,514,1
"17031271300","17031271300",365,365,1
"17031271400","17031271400",535,535,1
"17031271500","17031271500",574,574,1
"17031271800","17031271800",224,224,1
"17031280100","17031280100",4475,4475,1
"17031280400","17031280400",712,712,1
"17031280800","17031280800",406,406,1
"17031280900","17031280900",378,378,1
"17031281900","17031281900",3746,3746,1
"17031282700","17031282700",801,801,1
"17031282800","17031282800",699,699,1
"17031283100","17031283100",1248,1248,1
"17031283200","17031283200",690,690,1
"17031283800","17031283800",1740,1740,1
"17031290900","17031290900",1285,1285,1
"17031291200","17031291200",842,842,1
"17031291600","17031291600",385,385,1
"17031292200","17031292200",984,984,1
"17031292400","17031292400",688,688,1
"17031292500","17031292500",1445,1445,1
"17031300500","17031300500",994,994,1
"17031300600","17031300600",995,995,1
"17031300700","17031300700",1524,1524,1
"17031300800","17031300800",1105,1105,1
"17031300900","17031300900",1323,1323,1
"17031301100","17031301100",805,805,1
"17031301200","17031301200",1298,1298,1
"17031301600","17031301600",1631,1631,1
"17031301701","17031301701",1062,1062,1
"17031301702","17031301702",1104,1104,1
"17031301801","17031301801",1113,1113,1
"17031301802","17031301802",876,876,1
"17031301803","17031301803",1367,1367,1
"17031310200","17031310200",662,662,1
"17031310300","17031310300",709,709,1
"17031310400","17031310400",538,538,1
"17031310500","17031310500",521,521,1
"17031310600","17031310600",2105,2105,1
"17031310700","17031310700",687,687,1
"17031310800","17031310800",1547,1547,1
"17031310900","17031310900",1969,1969,1
"17031320101","17031320100",6653,6653,1
"17031320102","17031320100",5968,5968,1
"17031320400","17031320400",4418,4418,1
"17031320600","17031320600",4575,4575,1
"17031330101","17031330100",2051,2051,1
"17031330102","17031330100",4687,4687,1
"17031330103","17031330100",5435,5435,1
"17031330200","17031330200",1922,1922,1
"17031340300","17031340300",683,683,1
"17031340400","17031340400",666,666,1
"17031340500","17031340500",845,845,1
"17031340600","17031340600",432,432,1
"17031350100","17031350100",1552,1552,1
"17031350400","17031350400",820,820,1
"17031351000","17031351000",2400,2400,1
"17031351100","17031351100",918,918,1
"17031351400","17031351400",863,863,1
"17031351500","17031351500",207,207,1
"17031360200","17031360200",688,688,1
"17031380100","17031380100",1049,1049,1
"17031380200","17031380200",1203,1203,1
"17031380600","17031380500",320,1878,0.170394036208733
"17031380600","17031835900",1558,1878,0.829605963791267
"17031381200","17031381200",1067,1067,1
"17031381400","17031381400",699,699,1
"17031381500","17031381500",133,133,1
"17031381800","17031381800",579,579,1
"17031381900","17031381900",555,555,1
"17031390100","17031390100",637,637,1
"17031390200","17031390200",870,870,1
"17031390300","17031390300",1612,1612,1
"17031390400","17031390400",1536,1536,1
"17031390500","17031390500",735,735,1
"17031390600","17031390600",854,854,1
"17031390700","17031390700",3508,3508,1
"17031400300","17031400300",592,592,1
"17031400400","17031400400",744,744,1
"17031400500","17031400500",798,798,1
"17031400800","17031400800",1142,1142,1
"17031410100","17031410100",1227,1227,1
"17031410200","17031410200",929,929,1
"17031410500","17031410500",1339,1339,1
"17031410600","17031410600",1223,1223,1
"17031410700","17031410700",1065,1065,1
"17031410800","17031410800",1863,1863,1
"17031410900","17031410900",1814,1814,1
"17031411000","17031411000",2137,2137,1
"17031411100","17031411100",1145,1145,1
"17031411200","17031411200",873,873,1
"17031420100","17031420100",760,760,1
"17031420200","17031420200",816,816,1
"17031420300","17031420300",1882,1882,1
"17031420400","17031420400",716,716,1
"17031420500","17031420500",822,822,1
"17031420600","17031420600",963,963,1
"17031420700","17031420700",1287,1287,1
"17031420800","17031420800",824,824,1
"17031421200","17031421200",562,562,1
"17031430101","17031430101",1689,1689,1
"17031430102","17031430102",1901,1901,1
"17031430200","17031430200",2430,2430,1
"17031430300","17031430300",926,926,1
"17031430400","17031430400",1196,1196,1
"17031430500","17031430500",1628,1628,1
"17031430600","17031430600",749,749,1
"17031430700","17031430700",1557,1557,1
"17031430800","17031430800",731,731,1
"17031430900","17031430900",673,673,1
"17031431200","17031431200",1369,1369,1
"17031431301","17031431301",1356,1356,1
"17031431302","17031431302",1721,1721,1
"17031431400","17031431400",3769,3769,1
"17031440101","17031440101",1873,1873,1
"17031440102","17031440102",1650,1650,1
"17031440201","17031440201",2407,2407,1
"17031440202","17031440202",1712,1712,1
"17031440300","17031440300",2105,2105,1
"17031440600","17031440600",823,823,1
"17031440700","17031440700",668,668,1
"17031440800","17031440800",718,718,1
"17031440900","17031440900",1006,1006,1
"17031450300","17031450300",1461,1461,1
"17031460100","17031460100",1154,1154,1
"17031460200","17031460200",875,875,1
"17031460301","17031460301",1006,1006,1
"17031460302","17031460302",1261,1261,1
"17031460400","17031460400",1334,1334,1
"17031460500","17031460500",2295,2295,1
"17031460800","17031460600",386,1335,0.289138576779026
"17031460800","17031460700",949,1335,0.710861423220974
"17031461000","17031461000",940,940,1
"17031470100","17031470100",1020,1020,1
"17031480100","17031480100",930,930,1
"17031480200","17031480200",544,544,1
"17031480300","17031480300",577,577,1
"17031480400","17031480400",2389,2389,1
"17031480500","17031480500",1180,1180,1
"17031490200","17031490300",888,1268,0.700315457413249
"17031490200","17031490400",380,1268,0.299684542586751
"17031490500","17031490500",950,950,1
"17031490600","17031490600",583,583,1
"17031490700","17031490700",910,910,1
"17031490800","17031490800",1518,1518,1
"17031490901","17031490901",1517,1517,1
"17031490902","17031490902",2038,2038,1
"17031491000","17031491000",1231,1231,1
"17031491100","17031491100",1763,1763,1
"17031491200","17031491200",728,728,1
"17031491300","17031491300",759,759,1
"17031491400","17031491400",1220,1220,1
"17031500100","17031500100",1626,1626,1
"17031500200","17031500200",833,833,1
"17031500300","17031500300",749,749,1
"17031510100","17031510100",1101,1101,1
"17031510200","17031510200",1087,1087,1
"17031510300","17031510300",2000,2000,1
"17031520100","17031520100",544,544,1
"17031520200","17031520200",1016,1016,1
"17031520300","17031520300",1868,1868,1
"17031520400","17031520400",1360,1360,1
"17031520500","17031520500",1890,1890,1
"17031520600","17031520600",1051,1051,1
"17031530100","17031530100",785,785,1
"17031530200","17031530200",1392,1392,1
"17031530300","17031530300",1609,1609,1
"17031530400","17031530400",747,747,1
"17031530501","17031530501",1707,1707,1
"17031530502","17031530502",537,537,1
"17031530503","17031530503",1859,1859,1
"17031530600","17031530600",1003,1003,1
"17031540101","17031540101",1375,1375,1
"17031540102","17031540102",1198,1198,1
"17031550100","17031550100",2761,2761,1
"17031550200","17031550200",1066,1066,1
"17031560100","17031560100",669,669,1
"17031560200","17031560200",637,637,1
"17031560300","17031560300",978,978,1
"17031560400","17031560400",477,477,1
"17031560700","17031560700",1171,1171,1
"17031560800","17031560800",2194,2194,1
"17031560900","17031560900",1961,1961,1
"17031561000","17031561000",2176,2176,1
"17031561100","17031561100",1911,1911,1
"17031570100","17031570100",394,394,1
"17031570200","17031570200",603,603,1
"17031570300","17031570300",1692,1692,1
"17031570400","17031570400",584,584,1
"17031570500","17031570500",742,742,1
"17031580100","17031580100",898,898,1
"17031580200","17031580200",894,894,1
"17031580300","17031580300",712,712,1
"17031580400","17031580400",1517,1517,1
"17031580501","17031580501",1413,1413,1
"17031580502","17031580502",1442,1442,1
"17031580600","17031580600",1437,1437,1
"17031580700","17031580700",1664,1664,1
"17031580800","17031580800",714,714,1
"17031590500","17031590500",700,700,1
"17031590600","17031590600",1167,1167,1
"17031590700","17031590700",994,994,1
"17031600400","17031600400",1628,1628,1
"17031600600","17031600600",1026,1026,1
"17031600700","17031600700",1124,1124,1
"17031600900","17031600900",1428,1428,1
"17031610300","17031610300",1596,1596,1
"17031610400","17031610400",598,598,1
"17031610800","17031610800",555,555,1
"17031611200","17031611200",860,860,1
"17031611300","17031611300",857,857,1
"17031611400","17031611400",944,944,1
"17031611500","17031611500",1121,1121,1
"17031611600","17031611600",511,511,1
"17031611700","17031611700",510,510,1
"17031611800","17031611800",633,633,1
"17031611900","17031611900",548,548,1
"17031612000","17031612000",498,498,1
"17031612100","17031612100",396,396,1
"17031612200","17031611000",313,1064,0.294172932330827
"17031612200","17031611100",751,1064,0.705827067669173
"17031620100","17031620100",1226,1226,1
"17031620200","17031620200",873,873,1
"17031620300","17031620300",2025,2025,1
"17031620400","17031620400",1224,1224,1
"17031630300","17031630300",1259,1259,1
"17031630400","17031630400",1766,1766,1
"17031630500","17031630500",1557,1557,1
"17031630600","17031630100",281,864,0.325231481481481
"17031630600","17031630200",583,864,0.674768518518518
"17031630800","17031630800",1783,1783,1
"17031630900","17031630900",1274,1274,1
"17031640100","17031640100",470,470,1
"17031640300","17031640300",2418,2418,1
"17031640400","17031640400",1237,1237,1
"17031640500","17031640500",1472,1472,1
"17031640600","17031640600",1694,1694,1
"17031640700","17031640700",1120,1120,1
"17031640800","17031640800",542,542,1
"17031650100","17031650100",1223,1223,1
"17031650200","17031650200",2112,2112,1
"17031650301","17031650301",1570,1570,1
"17031650302","17031650302",1123,1123,1
"17031650400","17031650400",1760,1760,1
"17031650500","17031650500",1491,1491,1
"17031660301","17031660301",584,584,1
"17031660302","17031660302",1503,1503,1
"17031660400","17031660400",1796,1796,1
"17031660500","17031660500",1714,1714,1
"17031660600","17031660600",2084,2084,1
"17031660700","17031660700",791,791,1
"17031660800","17031660800",1677,1677,1
"17031660900","17031660900",1500,1500,1
"17031661000","17031661000",1915,1915,1
"17031661100","17031661100",1941,1941,1
"17031670100","17031670100",406,406,1
"17031670200","17031670200",355,355,1
"17031670300","17031670300",478,478,1
"17031670400","17031670400",543,543,1
"17031670500","17031670500",368,368,1
"17031670600","17031670600",401,401,1
"17031670700","17031670700",419,419,1
"17031670800","17031670800",537,537,1
"17031670900","17031670900",520,520,1
"17031671100","17031671100",320,320,1
"17031671200","17031671200",321,321,1
"17031671300","17031671300",630,630,1
"17031671400","17031671400",487,487,1
"17031671500","17031671500",905,905,1
"17031671600","17031671600",869,869,1
"17031671800","17031671800",386,386,1
"17031671900","17031671900",336,336,1
"17031672000","17031672000",1259,1259,1
"17031680500","17031680500",413,413,1
"17031680600","17031680600",406,406,1
"17031680900","17031680900",1623,1623,1
"17031681000","17031681000",1293,1293,1
"17031681100","17031681100",1025,1025,1
"17031681200","17031681200",865,865,1
"17031681300","17031681300",777,777,1
"17031681400","17031681400",967,967,1
"17031690300","17031690300",1197,1197,1
"17031690400","17031690400",1495,1495,1
"17031690500","17031690500",339,339,1
"17031690900","17031690900",1756,1756,1
"17031691000","17031691000",1124,1124,1
"17031691100","17031691100",1241,1241,1
"17031691200","17031691200",1099,1099,1
"17031691300","17031691300",1016,1016,1
"17031691400","17031691400",1322,1322,1
"17031691500","17031691500",843,843,1
"17031700100","17031700100",1074,1074,1
"17031700200","17031700200",1919,1919,1
"17031700301","17031700301",2088,2088,1
"17031700302","17031700302",1796,1796,1
"17031700401","17031700401",1906,1906,1
"17031700402","17031700402",1333,1333,1
"17031700501","17031700501",2932,2932,1
"17031700502","17031700502",1283,1283,1
"17031710100","17031710100",471,471,1
"17031710200","17031710200",1891,1891,1
"17031710300","17031710300",549,549,1
"17031710400","17031710400",1921,1921,1
"17031710500","17031710500",1655,1655,1
"17031710600","17031710600",680,680,1
"17031710700","17031710700",1390,1390,1
"17031710800","17031710800",2052,2052,1
"17031710900","17031710900",838,838,1
"17031711000","17031711000",1111,1111,1
"17031711100","17031711100",987,987,1
"17031711200","17031711200",2050,2050,1
"17031711300","17031711300",640,640,1
"17031711400","17031711400",872,872,1
"17031711500","17031711500",866,866,1
"17031720100","17031720100",1229,1229,1
"17031720200","17031720200",1724,1724,1
"17031720300","17031720300",1357,1357,1
"17031720400","17031720400",741,741,1
"17031720500","17031720500",794,794,1
"17031720600","17031720600",627,627,1
"17031720700","17031720700",1479,1479,1
"17031730100","17031730100",940,940,1
"17031730201","17031730201",2490,2490,1
"17031730202","17031730202",1437,1437,1
"17031730300","17031730300",435,435,1
"17031730400","17031730400",1405,1405,1
"17031730500","17031730500",1643,1643,1
"17031730600","17031730600",1358,1358,1
"17031730700","17031730700",871,871,1
"17031740100","17031740100",1178,1178,1
"17031740200","17031740200",2652,2652,1
"17031740300","17031740300",1761,1761,1
"17031740400","17031740400",1861,1861,1
"17031750100","17031750100",1523,1523,1
"17031750200","17031750200",1248,1248,1
"17031750300","17031750300",956,956,1
"17031750400","17031750400",1210,1210,1
"17031750500","17031750500",2490,2490,1
"17031750600","17031750600",1279,1279,1
"17031760801","17031760801",2701,2701,1
"17031760802","17031760802",1151,1151,1
"17031760803","17031760803",2823,2823,1
"17031830500","17031830500",1088,1088,1
"17031830600","17031830600",1956,1956,1
"17031830700","17031830700",2403,2403,1
"17031830800","17031830800",1437,1437,1
"17031830900","17031830900",1307,1307,1
"17031831000","17031831000",1103,1103,1
"17031831100","17031831100",2768,2768,1
"17031831200","17031831200",1450,1450,1
"17031831300","17031831300",374,374,1
"17031831400","17031831400",1296,1296,1
"17031831500","17031831500",1130,1130,1
"17031831600","17031831600",2818,2818,1
"17031831700","17031831700",802,802,1
"17031831800","17031831800",2570,2570,1
"17031831900","17031831900",1329,1329,1
"17031832000","17031832000",899,899,1
"17031832100","17031832100",1794,1794,1
"17031832200","17031832200",1508,1508,1
"17031832300","17031832300",929,929,1
"17031832400","17031832400",1234,1234,1
"17031832500","17031832500",1977,1977,1
"17031832600","17031832600",1771,1771,1
"17031832900","17031832900",1139,1139,1
"17031833000","17031833000",2523,2523,1
"17031833100","17031833100",4371,4371,1
"17031833300","17031833300",936,936,1
"17031833900","17031833900",804,804,1
"17031834000","17031834000",1157,1157,1
"17031834200","17031834200",1864,1864,1
"17031834300","17031834300",2648,2648,1
"17031834400","17031834400",1783,1783,1
"17031834500","17031834500",487,487,1
"17031834600","17031834600",1070,1070,1
"17031834700","17031834700",607,607,1
"17031834800","17031834800",691,691,1
"17031834900","17031834900",822,822,1
"17031835000","17031835000",1937,1937,1
"17031835100","17031835100",1407,1407,1
"17031835200","17031835200",673,673,1
"17031835500","17031835500",740,740,1
"17031835600","17031835600",353,353,1
"17031835800","17031835800",647,647,1
"17031836000","17031836000",1328,1328,1
"17031836100","17031836100",780,780,1
"17031836200","17031836200",1389,1389,1
"17031836300","17031836300",723,723,1
"17031836400","17031836400",1657,1657,1
"17031836500","17031836500",698,698,1
"17031836600","17031836600",967,967,1
"17031836700","17031836700",872,872,1
"17031836800","17031836800",1033,1033,1
"17031836900","17031836900",462,462,1
"17031837000","17031837000",821,821,1
"17031837100","17031837100",864,864,1
"17031837300","17031837300",1129,1129,1
"17031837400","17031837400",1134,1134,1
"17031837800","17031837800",1336,1336,1
"17031838000","17031838000",1327,1327,1
"17031838100","17031838100",1356,1356,1
"17031838200","17031838200",1433,1433,1
"17031838300","17031838300",803,803,1
"17031838600","17031838600",679,679,1
"17031838700","17031838700",1593,1593,1
"17031838800","17031838800",1125,1125,1
"17031839000","17031839000",5152,5152,1
"17031839100","17031839100",7877,7877,1
"17031839200","17031839200",1454,1454,1
"17031839500","17031839500",870,870,1
"17031839600","17031839600",883,883,1
"17031839700","17031839700",1917,1917,1
"17031839800","17031839800",1214,1214,1
"17031839900","17031839900",1684,1684,1
"17031840000","17031840000",1033,1033,1
"17031840100","17031840100",1066,1066,1
"17031840200","17031840200",846,846,1
"17031840300","17031840300",1219,1219,1
"17031840400","17031840400",1215,1215,1
"17031840700","17031840700",1169,1169,1
"17031840800","17031840800",914,914,1
"17031841000","17031841000",1688,1688,1
"17031841100","17031841100",2869,2869,1
"17031841200","17031841200",2074,2074,1
"17031841300","17031841300",1545,1545,1
"17031841500","17031841500",1040,1040,1
"17031841700","17031841700",718,718,1
"17031841800","17031841800",988,988,1
"17031841900","17031841900",4966,4966,1
"17031842000","17031842000",2629,2629,1
"17031842100","17031842100",2137,2137,1
"17031842200","17031842200",1953,1953,1
"17031842300","17031842300",1657,1657,1
"17031842400","17031842400",1325,1325,1
"17031842500","17031842500",835,835,1
"17031842600","17031842600",1500,1500,1
"17031842800","17031842800",2079,2079,1
"17031842900","17031842900",1209,1209,1
"17031843000","17031843000",971,971,1
"17031843100","17031843100",682,682,1
"17031843200","17031843200",861,861,1
"17031843300","17031843300",1080,1080,1
"17031843400","17031843400",453,453,1
"17031843500","17031843500",8107,8107,1
"17031843600","17031843600",1312,1312,1
"17031843700","17031843700",987,987,1
"17031843800","17031843800",638,638,1
"17031843900","17031843900",1928,1928,1
"17031844600","17031380700",680,884,0.769230769230769
"17031844600","17031835700",204,884,0.230769230769231
"17031844700","17031841400",434,692,0.627167630057804
"17031844700","17031841600",258,692,0.372832369942197
"17031980000","17031980000",602,602,1
"17031980100","17031980100",17,17,1
