"TRACT","ward","households","tract_total","allocation","tract_shortname"
"17031010100",49,2447,2447,1,"101"
"17031010201",49,2912,2912,1,"102.01"
"17031010202",49,1304,1304,1,"102.02"
"17031010300",49,4066,4066,1,"103"
"17031010400",49,3482,3482,1,"104"
"17031010501",49,2446,2446,1,"105.01"
"17031010502",49,1573,1573,1,"105.02"
"17031010503",49,1215,1215,1,"105.03"
"17031010600",49,3257,3257,1,"106"
"17031010701",49,1554,1554,1,"107.01"
"17031010702",49,2155,2155,1,"107.02"
"17031020100",49,1044,1529,0.682799215173316,"201"
"17031020100",50,485,1529,0.317200784826684,"201"
"17031020200",50,2293,2293,1,"202"
"17031020301",50,2015,2015,1,"203.01"
"17031020302",50,2125,2125,1,"203.02"
"17031020400",50,1789,1789,1,"204"
"17031020500",50,2444,2444,1,"205"
"17031020601",50,2040,2040,1,"206.01"
"17031020602",50,1431,1431,1,"206.02"
"17031020701",40,649,649,1,"207.01"
"17031020702",50,2534,2534,1,"207.02"
"17031020801",40,2091,2091,1,"208.01"
"17031020802",40,1024,2306,0.444058976582827,"208.02"
"17031020802",50,1282,2306,0.555941023417173,"208.02"
"17031020901",40,556,1940,0.28659793814433,"209.01"
"17031020901",50,1384,1940,0.71340206185567,"209.01"
"17031020902",40,2150,2150,1,"209.02"
"17031030101",48,2161,2161,1,"301.01"
"17031030102",48,1891,1891,1,"301.02"
"17031030103",48,1625,1625,1,"301.03"
"17031030104",48,2723,2723,1,"301.04"
"17031030200",48,2634,2634,1,"302"
"17031030300",40,1488,1488,1,"303"
"17031030400",40,1485,1485,1,"304"
"17031030500",48,3100,3100,1,"305"
"17031030601",48,2246,2246,1,"306.01"
"17031030603",48,1340,1340,1,"306.03"
"17031030604",48,2043,2043,1,"306.04"
"17031030701",48,1111,1111,1,"307.01"
"17031030702",48,624,624,1,"307.02"
"17031030703",48,1707,1707,1,"307.03"
"17031030706",48,2863,2863,1,"307.06"
"17031030800",48,2219,2219,1,"308"
"17031030900",40,1535,1535,1,"309"
"17031031000",40,646,2046,0.315738025415445,"310"
"17031031000",47,1400,2046,0.684261974584555,"310"
"17031031100",46,211,2519,0.0837633981738785,"311"
"17031031100",47,2308,2519,0.916236601826121,"311"
"17031031200",46,1003,3005,0.333777038269551,"312"
"17031031200",48,2002,3005,0.666222961730449,"312"
"17031031300",46,1200,4804,0.249791840133222,"313"
"17031031300",48,3604,4804,0.750208159866778,"313"
"17031031400",46,3346,3346,1,"314"
"17031031501",46,2380,2380,1,"315.01"
"17031031502",46,2340,2340,1,"315.02"
"17031031700",46,3723,3723,1,"317"
"17031031800",47,965,965,1,"318"
"17031031900",47,1312,1312,1,"319"
"17031032100",46,4012,4012,1,"321"
"17031040100",40,1840,1840,1,"401"
"17031040201",40,3086,3086,1,"402.01"
"17031040202",40,3354,3354,1,"402.02"
"17031040300",40,1211,1211,1,"403"
"17031040401",40,988,1356,0.728613569321534,"404.01"
"17031040401",47,368,1356,0.271386430678466,"404.01"
"17031040402",40,1378,2489,0.553635998392929,"404.02"
"17031040402",47,1111,2489,0.446364001607071,"404.02"
"17031040600",47,1172,1172,1,"406"
"17031040700",40,967,1563,0.618682021753039,"407"
"17031040700",47,596,1563,0.381317978246961,"407"
"17031040800",47,913,913,1,"408"
"17031040900",47,995,995,1,"409"
"17031050100",47,1160,1160,1,"501"
"17031050200",47,2300,2300,1,"502"
"17031050300",47,1092,1092,1,"503"
"17031050500",47,2283,2283,1,"505"
"17031050600",47,1112,1112,1,"506"
"17031050700",32,169,687,0.245997088791849,"507"
"17031050700",47,518,687,0.754002911208151,"507"
"17031050800",32,335,605,0.553719008264463,"508"
"17031050800",47,270,605,0.446280991735537,"508"
"17031050900",32,307,603,0.509121061359867,"509"
"17031050900",47,296,603,0.490878938640133,"509"
"17031051000",32,756,762,0.992125984251969,"510"
"17031051000",47,6,762,0.0078740157480315,"510"
"17031051100",32,661,661,1,"511"
"17031051200",32,350,675,0.518518518518518,"512"
"17031051200",47,325,675,0.481481481481481,"512"
"17031051300",32,1142,1142,1,"513"
"17031051400",1,153,796,0.192211055276382,"514"
"17031051400",32,643,796,0.807788944723618,"514"
"17031060100",47,1272,1272,1,"601"
"17031060200",47,1133,1133,1,"602"
"17031060300",47,1415,1415,1,"603"
"17031060400",44,987,1616,0.610767326732673,"604"
"17031060400",47,629,1616,0.389232673267327,"604"
"17031060500",44,339,831,0.407942238267148,"605"
"17031060500",47,492,831,0.592057761732852,"605"
"17031060800",46,2926,2926,1,"608"
"17031060900",46,4796,4796,1,"609"
"17031061000",44,463,1022,0.453033268101761,"610"
"17031061000",46,559,1022,0.546966731898239,"610"
"17031061100",44,762,762,1,"611"
"17031061200",44,838,838,1,"612"
"17031061500",44,835,835,1,"615"
"17031061800",46,834,834,1,"618"
"17031061901",44,1950,2187,0.891632373113855,"619.01"
"17031061901",46,237,2187,0.108367626886145,"619.01"
"17031061902",44,2762,2938,0.940095302927161,"619.02"
"17031061902",46,176,2938,0.0599046970728387,"619.02"
"17031062000",44,1661,1661,1,"620"
"17031062100",44,1901,1901,1,"621"
"17031062200",44,1346,1346,1,"622"
"17031062300",44,744,744,1,"623"
"17031062400",44,692,692,1,"624"
"17031062500",47,751,751,1,"625"
"17031062600",32,979,979,1,"626"
"17031062700",32,1163,1163,1,"627"
"17031062800",32,1585,1585,1,"628"
"17031062900",44,1962,1962,1,"629"
"17031063000",44,1852,1852,1,"630"
"17031063100",44,1345,1345,1,"631"
"17031063200",44,4358,4358,1,"632"
"17031063301",44,1832,1832,1,"633.01"
"17031063302",44,2727,2727,1,"633.02"
"17031063303",44,947,947,1,"633.03"
"17031063400",44,1316,1316,1,"634"
"17031070101",43,2278,2278,1,"701.01"
"17031070102",43,2029,2029,1,"701.02"
"17031070103",43,1182,1182,1,"701.03"
"17031070200",43,2305,2305,1,"702"
"17031070300",43,1702,1702,1,"703"
"17031070400",43,1663,1663,1,"704"
"17031070500",2,518,1616,0.320544554455446,"705"
"17031070500",32,377,1616,0.233292079207921,"705"
"17031070500",43,721,1616,0.446163366336634,"705"
"17031070600",2,481,1340,0.358955223880597,"706"
"17031070600",32,859,1340,0.641044776119403,"706"
"17031070700",1,341,1826,0.186746987951807,"707"
"17031070700",32,1485,1826,0.813253012048193,"707"
"17031071000",43,3087,3087,1,"710"
"17031071100",43,1588,1588,1,"711"
"17031071200",43,973,973,1,"712"
"17031071300",43,1849,1849,1,"713"
"17031071400",43,3150,3150,1,"714"
"17031071500",2,995,4008,0.248253493013972,"715"
"17031071500",27,92,4008,0.0229540918163673,"715"
"17031071500",43,2921,4008,0.728792415169661,"715"
"17031071600",43,736,736,1,"716"
"17031071700",2,100,778,0.12853470437018,"717"
"17031071700",43,678,778,0.87146529562982,"717"
"17031071800",2,452,1122,0.402852049910873,"718"
"17031071800",43,670,1122,0.597147950089127,"718"
"17031080100",43,4306,4306,1,"801"
"17031080201",2,2233,2287,0.976388281591605,"802.01"
"17031080201",27,54,2287,0.0236117184083953,"802.01"
"17031080202",2,2370,2370,1,"802.02"
"17031080300",2,1635,2778,0.588552915766739,"803"
"17031080300",27,1143,2778,0.411447084233261,"803"
"17031080400",2,605,2042,0.296278158667973,"804"
"17031080400",27,1437,2042,0.703721841332027,"804"
"17031081000",2,4828,6088,0.793035479632063,"810"
"17031081000",27,1260,6088,0.206964520367937,"810"
"17031081100",2,2911,2911,1,"811"
"17031081201",2,845,4661,0.181291568332976,"812.01"
"17031081201",42,3816,4661,0.818708431667024,"812.01"
"17031081202",2,1663,2146,0.774930102516309,"812.02"
"17031081202",42,482,2146,0.224603914259087,"812.02"
"17031081202",43,1,2146,0.000465983224603914,"812.02"
"17031081300",2,4948,4948,1,"813"
"17031081401",2,660,3223,0.204778156996587,"814.01"
"17031081401",42,2563,3223,0.795221843003413,"814.01"
"17031081402",42,3042,3042,1,"814.02"
"17031081403",42,8172,8172,1,"814.03"
"17031081500",42,6681,6681,1,"815"
"17031081600",2,664,3507,0.189335614485315,"816"
"17031081600",42,2843,3507,0.810664385514685,"816"
"17031081700",2,950,4285,0.221703617269545,"817"
"17031081700",42,3335,4285,0.778296382730455,"817"
"17031081800",2,323,6383,0.0506031646561178,"818"
"17031081800",27,83,6383,0.0130032899890334,"818"
"17031081800",42,5977,6383,0.936393545354849,"818"
"17031081900",27,298,427,0.697892271662763,"819"
"17031081900",42,129,427,0.302107728337237,"819"
"17031090100",41,1405,1405,1,"901"
"17031090200",NA,48,2804,0.0171184022824536,"902"
"17031090200",41,2756,2804,0.982881597717546,"902"
"17031090300",NA,24,520,0.0461538461538462,"903"
"17031090300",41,496,520,0.953846153846154,"903"
"17031100100",39,958,2278,0.42054433713784,"1001"
"17031100100",45,1320,2278,0.57945566286216,"1001"
"17031100200",41,3038,3038,1,"1002"
"17031100300",41,3045,3045,1,"1003"
"17031100400",41,1271,1271,1,"1004"
"17031100500",41,2171,2171,1,"1005"
"17031100600",41,1191,1933,0.616140713916192,"1006"
"17031100600",45,742,1933,0.383859286083808,"1006"
"17031100700",41,1180,1849,0.638182801514332,"1007"
"17031100700",45,669,1849,0.361817198485668,"1007"
"17031110100",39,974,2114,0.46073793755913,"1101"
"17031110100",45,1140,2114,0.53926206244087,"1101"
"17031110200",45,1267,1267,1,"1102"
"17031110300",45,1999,1999,1,"1103"
"17031110400",45,1908,1908,1,"1104"
"17031110501",45,1789,1789,1,"1105.01"
"17031110502",45,1525,1525,1,"1105.02"
"17031120100",39,44,1497,0.0293921175684703,"1201"
"17031120100",41,1453,1497,0.97060788243153,"1201"
"17031120200",39,987,1732,0.56986143187067,"1202"
"17031120200",41,745,1732,0.43013856812933,"1202"
"17031120300",39,2451,2451,1,"1203"
"17031120400",39,608,1280,0.475,"1204"
"17031120400",45,672,1280,0.525,"1204"
"17031130100",39,1521,2321,0.6553209823352,"1301"
"17031130100",50,800,2321,0.3446790176648,"1301"
"17031130200",39,672,672,1,"1302"
"17031130300",39,1816,1816,1,"1303"
"17031140100",33,1147,1147,1,"1401"
"17031140200",33,2806,2928,0.958333333333333,"1402"
"17031140200",39,122,2928,0.0416666666666667,"1402"
"17031140301",35,511,788,0.648477157360406,"1403.01"
"17031140301",39,277,788,0.351522842639594,"1403.01"
"17031140302",33,191,1670,0.11437125748503,"1403.02"
"17031140302",39,1479,1670,0.88562874251497,"1403.02"
"17031140400",39,2332,2332,1,"1404"
"17031140500",39,1314,1314,1,"1405"
"17031140601",35,936,936,1,"1406.01"
"17031140602",35,1660,1660,1,"1406.02"
"17031140701",33,1035,1035,1,"1407.01"
"17031140702",33,1599,2136,0.748595505617977,"1407.02"
"17031140702",35,537,2136,0.251404494382022,"1407.02"
"17031140800",33,2676,2676,1,"1408"
"17031150200",45,3056,3056,1,"1502"
"17031150300",38,2125,3082,0.689487345879299,"1503"
"17031150300",45,957,3082,0.310512654120701,"1503"
"17031150401",38,1006,1838,0.547334058759521,"1504.01"
"17031150401",45,832,1838,0.452665941240479,"1504.01"
"17031150402",38,1297,1297,1,"1504.02"
"17031150501",38,1471,1471,1,"1505.01"
"17031150502",38,1549,1549,1,"1505.02"
"17031150600",36,468,1418,0.330042313117066,"1506"
"17031150600",38,950,1418,0.669957686882934,"1506"
"17031150700",30,265,1524,0.173884514435696,"1507"
"17031150700",36,260,1524,0.170603674540682,"1507"
"17031150700",38,770,1524,0.505249343832021,"1507"
"17031150700",45,229,1524,0.150262467191601,"1507"
"17031150800",30,615,1809,0.339966832504146,"1508"
"17031150800",45,1194,1809,0.660033167495854,"1508"
"17031151001",31,907,907,1,"1510.01"
"17031151002",30,612,1583,0.38660770688566,"1510.02"
"17031151002",31,971,1583,0.61339229311434,"1510.02"
"17031151100",30,1045,1814,0.576074972436604,"1511"
"17031151100",31,396,1814,0.218302094818082,"1511"
"17031151100",36,373,1814,0.205622932745314,"1511"
"17031151200",30,341,1245,0.273895582329317,"1512"
"17031151200",36,904,1245,0.726104417670683,"1512"
"17031160100",39,979,979,1,"1601"
"17031160200",39,752,1330,0.565413533834586,"1602"
"17031160200",45,578,1330,0.434586466165414,"1602"
"17031160300",39,2024,2029,0.997535731887629,"1603"
"17031160300",45,5,2029,0.00246426811237063,"1603"
"17031160400",35,826,1874,0.44076840981857,"1604"
"17031160400",39,574,1874,0.306296691568837,"1604"
"17031160400",45,474,1874,0.252934898612593,"1604"
"17031160501",33,798,1328,0.600903614457831,"1605.01"
"17031160501",35,530,1328,0.399096385542169,"1605.01"
"17031160502",33,585,1325,0.441509433962264,"1605.02"
"17031160502",35,740,1325,0.558490566037736,"1605.02"
"17031160601",33,1369,1369,1,"1606.01"
"17031160602",33,1480,1480,1,"1606.02"
"17031160700",33,2508,2508,1,"1607"
"17031160800",33,958,1909,0.501833420639078,"1608"
"17031160800",35,951,1909,0.498166579360922,"1608"
"17031160900",30,228,1077,0.211699164345404,"1609"
"17031160900",45,849,1077,0.788300835654596,"1609"
"17031161000",45,835,835,1,"1610"
"17031161100",45,761,761,1,"1611"
"17031161200",30,978,978,1,"1612"
"17031161300",30,1453,1453,1,"1613"
"17031170100",38,1152,1152,1,"1701"
"17031170200",36,483,1279,0.377638780297107,"1702"
"17031170200",38,796,1279,0.622361219702893,"1702"
"17031170300",38,1896,1896,1,"1703"
"17031170400",38,1552,1552,1,"1704"
"17031170500",38,2035,2035,1,"1705"
"17031170600",38,1028,1028,1,"1706"
"17031170700",38,1055,1055,1,"1707"
"17031170800",29,647,1447,0.44713199723566,"1708"
"17031170800",38,800,1447,0.55286800276434,"1708"
"17031170900",29,666,666,1,"1709"
"17031171000",29,296,2771,0.106820642367376,"1710"
"17031171000",36,937,2771,0.338145073980512,"1710"
"17031171000",38,1538,2771,0.555034283652111,"1710"
"17031171100",30,209,1297,0.161141094834233,"1711"
"17031171100",36,1088,1297,0.838858905165767,"1711"
"17031180100",29,748,2155,0.347099767981438,"1801"
"17031180100",36,1407,2155,0.652900232018562,"1801"
"17031190100",31,882,882,1,"1901"
"17031190200",30,47,1518,0.030961791831357,"1902"
"17031190200",31,1471,1518,0.969038208168643,"1902"
"17031190300",30,150,1755,0.0854700854700855,"1903"
"17031190300",31,1605,1755,0.914529914529915,"1903"
"17031190401",30,1000,1335,0.749063670411985,"1904.01"
"17031190401",36,335,1335,0.250936329588015,"1904.01"
"17031190402",30,1496,1868,0.800856531049251,"1904.02"
"17031190402",31,372,1868,0.199143468950749,"1904.02"
"17031190601",30,1228,1228,1,"1906.01"
"17031190602",30,2021,2021,1,"1906.02"
"17031190701",30,535,893,0.599104143337066,"1907.01"
"17031190701",31,358,893,0.400895856662934,"1907.01"
"17031190702",30,929,1453,0.639366827253957,"1907.02"
"17031190702",31,524,1453,0.360633172746043,"1907.02"
"17031190800",31,2238,2238,1,"1908"
"17031190900",31,683,683,1,"1909"
"17031191000",31,42,793,0.0529634300126103,"1910"
"17031191000",36,751,793,0.94703656998739,"1910"
"17031191100",31,39,2221,0.0175596578117965,"1911"
"17031191100",36,2182,2221,0.982440342188204,"1911"
"17031191200",36,1231,1234,0.997568881685575,"1912"
"17031191200",37,3,1234,0.00243111831442464,"1912"
"17031191301",29,1,1627,0.000614628149969269,"1913.01"
"17031191301",36,1626,1627,0.999385371850031,"1913.01"
"17031191302",36,1403,1403,1,"1913.02"
"17031200100",31,1388,1388,1,"2001"
"17031200200",31,1646,1646,1,"2002"
"17031200300",31,385,582,0.661512027491409,"2003"
"17031200300",35,197,582,0.338487972508591,"2003"
"17031200401",35,581,1041,0.558117195004803,"2004.01"
"17031200401",36,460,1041,0.441882804995197,"2004.01"
"17031200402",26,298,1076,0.276951672862454,"2004.02"
"17031200402",35,778,1076,0.723048327137547,"2004.02"
"17031210100",33,1372,1414,0.97029702970297,"2101"
"17031210100",35,42,1414,0.0297029702970297,"2101"
"17031210400",31,1023,1023,1,"2104"
"17031210501",30,1302,1302,1,"2105.01"
"17031210502",30,1468,1468,1,"2105.02"
"17031210601",35,950,950,1,"2106.01"
"17031210602",35,1555,1555,1,"2106.02"
"17031210700",33,1615,1615,1,"2107"
"17031210800",33,391,391,1,"2108"
"17031210900",33,1223,1223,1,"2109"
"17031220300",1,219,963,0.227414330218069,"2203"
"17031220300",32,744,963,0.772585669781931,"2203"
"17031220400",1,212,1144,0.185314685314685,"2204"
"17031220400",32,932,1144,0.814685314685315,"2204"
"17031220500",32,1287,1287,1,"2205"
"17031220601",32,196,711,0.275668073136428,"2206.01"
"17031220601",35,515,711,0.724331926863572,"2206.01"
"17031220602",32,116,2501,0.0463814474210316,"2206.02"
"17031220602",35,2385,2501,0.953618552578968,"2206.02"
"17031220701",31,1082,1082,1,"2207.01"
"17031220702",31,924,1334,0.692653673163418,"2207.02"
"17031220702",35,410,1334,0.307346326836582,"2207.02"
"17031220901",26,629,998,0.630260521042084,"2209.01"
"17031220901",35,369,998,0.369739478957916,"2209.01"
"17031220902",35,1017,1017,1,"2209.02"
"17031221000",26,218,1044,0.208812260536398,"2210"
"17031221000",35,826,1044,0.791187739463602,"2210"
"17031221100",26,1072,2257,0.474966770048737,"2211"
"17031221100",32,545,2257,0.241470979175897,"2211"
"17031221100",35,640,2257,0.283562250775366,"2211"
"17031221200",32,1295,1295,1,"2212"
"17031221300",1,1367,1367,1,"2213"
"17031221400",1,1339,1339,1,"2214"
"17031221500",1,1407,1407,1,"2215"
"17031221600",32,1423,1423,1,"2216"
"17031222200",32,937,937,1,"2222"
"17031222500",1,558,558,1,"2225"
"17031222600",1,707,707,1,"2226"
"17031222700",1,808,904,0.893805309734513,"2227"
"17031222700",26,96,904,0.106194690265487,"2227"
"17031222800",1,334,354,0.943502824858757,"2228"
"17031222800",26,20,354,0.0564971751412429,"2228"
"17031222900",1,229,309,0.741100323624595,"2229"
"17031222900",26,80,309,0.258899676375405,"2229"
"17031230100",26,600,600,1,"2301"
"17031230200",26,632,632,1,"2302"
"17031230300",26,270,270,1,"2303"
"17031230400",26,780,780,1,"2304"
"17031230500",26,1112,1142,0.973730297723292,"2305"
"17031230500",37,30,1142,0.0262697022767075,"2305"
"17031230600",26,1031,2003,0.514727908137793,"2306"
"17031230600",36,7,2003,0.00349475786320519,"2306"
"17031230600",37,965,2003,0.481777333999002,"2306"
"17031230700",26,1537,1727,0.889982628836132,"2307"
"17031230700",27,57,1727,0.0330052113491604,"2307"
"17031230700",37,133,1727,0.0770121598147076,"2307"
"17031230800",26,368,368,1,"2308"
"17031230900",26,2056,2056,1,"2309"
"17031231100",27,384,384,1,"2311"
"17031231200",27,1277,1881,0.678894205209995,"2312"
"17031231200",37,604,1881,0.321105794790005,"2312"
"17031231500",27,1664,2054,0.810126582278481,"2315"
"17031231500",37,390,2054,0.189873417721519,"2315"
"17031240200",32,811,811,1,"2402"
"17031240300",2,196,605,0.32396694214876,"2403"
"17031240300",32,409,605,0.67603305785124,"2403"
"17031240500",2,354,1358,0.260677466863034,"2405"
"17031240500",32,1004,1358,0.739322533136966,"2405"
"17031240600",1,655,655,1,"2406"
"17031240700",1,660,660,1,"2407"
"17031240800",1,694,694,1,"2408"
"17031240900",26,519,519,1,"2409"
"17031241000",1,560,916,0.611353711790393,"2410"
"17031241000",26,356,916,0.388646288209607,"2410"
"17031241100",1,888,1642,0.540803897685749,"2411"
"17031241100",26,754,1642,0.459196102314251,"2411"
"17031241200",1,773,773,1,"2412"
"17031241300",2,955,955,1,"2413"
"17031241400",1,2514,2514,1,"2414"
"17031241500",1,154,1416,0.108757062146893,"2415"
"17031241500",2,1262,1416,0.891242937853107,"2415"
"17031241600",2,1729,1729,1,"2416"
"17031242000",1,817,2246,0.363757791629564,"2420"
"17031242000",2,997,2246,0.443900267141585,"2420"
"17031242000",27,432,2246,0.192341941228851,"2420"
"17031242100",1,1754,1754,1,"2421"
"17031242200",1,666,1736,0.383640552995392,"2422"
"17031242200",2,1070,1736,0.616359447004608,"2422"
"17031242300",1,37,1625,0.0227692307692308,"2423"
"17031242300",2,1588,1625,0.977230769230769,"2423"
"17031242400",1,851,1416,0.600988700564972,"2424"
"17031242400",2,565,1416,0.399011299435028,"2424"
"17031242500",1,499,1626,0.306888068880689,"2425"
"17031242500",26,1127,1626,0.693111931119311,"2425"
"17031242600",1,695,2594,0.267925983037779,"2426"
"17031242600",26,1899,2594,0.732074016962221,"2426"
"17031242700",26,758,758,1,"2427"
"17031242800",26,592,619,0.956381260096931,"2428"
"17031242800",27,27,619,0.0436187399030695,"2428"
"17031242900",1,307,804,0.381840796019901,"2429"
"17031242900",26,476,804,0.592039800995025,"2429"
"17031242900",27,21,804,0.0261194029850746,"2429"
"17031243000",1,482,1070,0.450467289719626,"2430"
"17031243000",26,579,1070,0.541121495327103,"2430"
"17031243000",27,9,1070,0.00841121495327103,"2430"
"17031243100",1,896,919,0.974972796517954,"2431"
"17031243100",27,23,919,0.0250272034820457,"2431"
"17031243200",1,970,983,0.98677517802645,"2432"
"17031243200",27,13,983,0.0132248219735504,"2432"
"17031243300",1,681,1140,0.597368421052632,"2433"
"17031243300",27,459,1140,0.402631578947368,"2433"
"17031243400",1,905,1372,0.659620991253644,"2434"
"17031243400",27,467,1372,0.340379008746356,"2434"
"17031243500",27,1811,1811,1,"2435"
"17031250200",37,790,790,1,"2502"
"17031250300",37,1593,1593,1,"2503"
"17031250400",29,1815,1815,1,"2504"
"17031250500",29,2841,2901,0.979317476732161,"2505"
"17031250500",36,60,2901,0.0206825232678387,"2505"
"17031250600",29,1388,1388,1,"2506"
"17031250700",37,2113,2113,1,"2507"
"17031250800",37,809,809,1,"2508"
"17031251000",37,342,342,1,"2510"
"17031251100",37,1539,1539,1,"2511"
"17031251200",37,1155,1155,1,"2512"
"17031251300",29,1559,1559,1,"2513"
"17031251400",29,1782,1782,1,"2514"
"17031251500",37,1476,1476,1,"2515"
"17031251600",28,20,1096,0.0182481751824818,"2516"
"17031251600",37,1076,1096,0.981751824817518,"2516"
"17031251700",28,189,374,0.505347593582888,"2517"
"17031251700",37,185,374,0.494652406417112,"2517"
"17031251800",28,1706,1706,1,"2518"
"17031251900",28,604,1663,0.363199037883343,"2519"
"17031251900",29,565,1663,0.339747444377631,"2519"
"17031251900",37,494,1663,0.297053517739026,"2519"
"17031252000",29,2440,2440,1,"2520"
"17031252101",29,504,504,1,"2521.01"
"17031252102",29,2289,2289,1,"2521.02"
"17031252201",28,743,1252,0.593450479233227,"2522.01"
"17031252201",29,509,1252,0.406549520766773,"2522.01"
"17031252202",24,218,1671,0.130460801915021,"2522.02"
"17031252202",28,985,1671,0.589467384799521,"2522.02"
"17031252202",29,468,1671,0.280071813285458,"2522.02"
"17031260100",28,494,560,0.882142857142857,"2601"
"17031260100",37,66,560,0.117857142857143,"2601"
"17031260200",28,381,381,1,"2602"
"17031260300",28,571,571,1,"2603"
"17031260400",28,408,408,1,"2604"
"17031260500",28,539,539,1,"2605"
"17031260600",28,527,527,1,"2606"
"17031260700",28,566,566,1,"2607"
"17031260800",28,907,907,1,"2608"
"17031260900",24,521,521,1,"2609"
"17031261000",24,722,722,1,"2610"
"17031270500",24,456,647,0.704791344667697,"2705"
"17031270500",28,191,647,0.295208655332303,"2705"
"17031271200",28,514,514,1,"2712"
"17031271300",28,365,365,1,"2713"
"17031271400",24,8,535,0.0149532710280374,"2714"
"17031271400",28,527,535,0.985046728971963,"2714"
"17031271500",24,574,574,1,"2715"
"17031271800",28,224,224,1,"2718"
"17031280100",27,84,4475,0.0187709497206704,"2801"
"17031280100",42,4391,4475,0.98122905027933,"2801"
"17031280400",27,712,712,1,"2804"
"17031280800",27,406,406,1,"2808"
"17031280900",27,378,378,1,"2809"
"17031281900",27,444,3746,0.118526428190069,"2819"
"17031281900",42,3302,3746,0.881473571809931,"2819"
"17031282700",28,801,801,1,"2827"
"17031282800",28,699,699,1,"2828"
"17031283100",28,1248,1248,1,"2831"
"17031283200",28,690,690,1,"2832"
"17031283800",11,1032,1740,0.593103448275862,"2838"
"17031283800",25,708,1740,0.406896551724138,"2838"
"17031290900",24,1285,1285,1,"2909"
"17031291200",24,842,842,1,"2912"
"17031291600",24,385,385,1,"2916"
"17031292200",24,985,985,1,"2922"
"17031292400",24,688,688,1,"2924"
"17031292500",24,1445,1445,1,"2925"
"17031300500",22,994,994,1,"3005"
"17031300600",22,995,995,1,"3006"
"17031300700",22,1524,1524,1,"3007"
"17031300800",12,937,1105,0.847963800904977,"3008"
"17031300800",22,168,1105,0.152036199095023,"3008"
"17031300900",12,1323,1323,1,"3009"
"17031301100",12,749,805,0.930434782608696,"3011"
"17031301100",24,56,805,0.0695652173913043,"3011"
"17031301200",12,913,1298,0.703389830508475,"3012"
"17031301200",24,385,1298,0.296610169491525,"3012"
"17031301600",22,1631,1631,1,"3016"
"17031301701",22,1062,1062,1,"3017.01"
"17031301702",22,1104,1104,1,"3017.02"
"17031301801",22,1113,1113,1,"3018.01"
"17031301802",22,876,876,1,"3018.02"
"17031301803",22,1367,1367,1,"3018.03"
"17031310200",11,640,662,0.966767371601209,"3102"
"17031310200",25,22,662,0.0332326283987915,"3102"
"17031310300",11,209,709,0.294781382228491,"3103"
"17031310300",25,500,709,0.705218617771509,"3103"
"17031310400",25,538,538,1,"3104"
"17031310500",25,521,521,1,"3105"
"17031310600",25,2105,2105,1,"3106"
"17031310700",25,687,687,1,"3107"
"17031310800",25,1547,1547,1,"3108"
"17031310900",25,1969,1969,1,"3109"
"17031320100",42,12621,12621,1,"3201"
"17031320400",4,15,4418,0.00339520144861928,"3204"
"17031320400",42,4403,4418,0.996604798551381,"3204"
"17031320600",4,4198,4575,0.917595628415301,"3206"
"17031320600",42,377,4575,0.0824043715846995,"3206"
"17031330100",3,12172,12173,0.999917850981681,"3301"
"17031330100",4,1,12173,8.21490183192311e-05,"3301"
"17031330200",3,1920,1922,0.998959417273673,"3302"
"17031330200",25,2,1922,0.00104058272632674,"3302"
"17031340300",11,683,683,1,"3403"
"17031340400",11,666,666,1,"3404"
"17031340500",11,845,845,1,"3405"
"17031340600",3,431,432,0.997685185185185,"3406"
"17031340600",11,1,432,0.00231481481481481,"3406"
"17031350100",4,1552,1552,1,"3501"
"17031350400",3,820,820,1,"3504"
"17031351000",4,2400,2400,1,"3510"
"17031351100",4,918,918,1,"3511"
"17031351400",3,863,863,1,"3514"
"17031351500",3,207,207,1,"3515"
"17031360200",4,688,688,1,"3602"
"17031380100",4,1049,1049,1,"3801"
"17031380200",3,1203,1203,1,"3802"
"17031380500",3,320,320,1,"3805"
"17031380700",3,680,680,1,"3807"
"17031381200",3,996,1067,0.933458294283037,"3812"
"17031381200",4,71,1067,0.0665417057169635,"3812"
"17031381400",3,699,699,1,"3814"
"17031381500",3,133,133,1,"3815"
"17031381800",3,579,579,1,"3818"
"17031381900",3,188,555,0.338738738738739,"3819"
"17031381900",4,367,555,0.661261261261261,"3819"
"17031390100",4,637,637,1,"3901"
"17031390200",4,870,870,1,"3902"
"17031390300",4,1612,1612,1,"3903"
"17031390400",4,1536,1536,1,"3904"
"17031390500",4,735,735,1,"3905"
"17031390600",4,854,854,1,"3906"
"17031390700",4,1612,3509,0.459390139640923,"3907"
"17031390700",5,1897,3509,0.540609860359077,"3907"
"17031400300",3,590,592,0.996621621621622,"4003"
"17031400300",20,2,592,0.00337837837837838,"4003"
"17031400400",3,7,744,0.00940860215053763,"4004"
"17031400400",20,737,744,0.990591397849462,"4004"
"17031400500",3,2,798,0.0025062656641604,"4005"
"17031400500",20,796,798,0.99749373433584,"4005"
"17031400800",20,1142,1142,1,"4008"
"17031410100",4,418,1226,0.34094616639478,"4101"
"17031410100",5,808,1226,0.65905383360522,"4101"
"17031410200",4,929,929,1,"4102"
"17031410500",5,1339,1339,1,"4105"
"17031410600",5,1223,1223,1,"4106"
"17031410700",4,435,1065,0.408450704225352,"4107"
"17031410700",5,630,1065,0.591549295774648,"4107"
"17031410800",4,395,1863,0.212023617820719,"4108"
"17031410800",5,1468,1863,0.787976382179281,"4108"
"17031410900",5,1814,1814,1,"4109"
"17031411000",5,2137,2137,1,"4110"
"17031411100",5,1145,1145,1,"4111"
"17031411200",5,873,873,1,"4112"
"17031420100",5,655,760,0.861842105263158,"4201"
"17031420100",20,105,760,0.138157894736842,"4201"
"17031420200",20,816,816,1,"4202"
"17031420300",20,1882,1882,1,"4203"
"17031420400",20,716,716,1,"4204"
"17031420500",20,822,822,1,"4205"
"17031420600",20,963,963,1,"4206"
"17031420700",20,1287,1287,1,"4207"
"17031420800",5,261,824,0.316747572815534,"4208"
"17031420800",20,563,824,0.683252427184466,"4208"
"17031421200",6,10,562,0.0177935943060498,"4212"
"17031421200",20,552,562,0.98220640569395,"4212"
"17031430101",5,1689,1689,1,"4301.01"
"17031430102",5,1901,1901,1,"4301.02"
"17031430200",5,2430,2430,1,"4302"
"17031430300",5,926,926,1,"4303"
"17031430400",5,1,1196,0.000836120401337793,"4304"
"17031430400",7,189,1196,0.158026755852843,"4304"
"17031430400",8,1006,1196,0.841137123745819,"4304"
"17031430500",5,661,1628,0.406019656019656,"4305"
"17031430500",7,967,1628,0.593980343980344,"4305"
"17031430600",5,662,749,0.883845126835781,"4306"
"17031430600",7,87,749,0.116154873164219,"4306"
"17031430700",7,1557,1557,1,"4307"
"17031430800",5,51,731,0.0697674418604651,"4308"
"17031430800",7,599,731,0.819425444596443,"4308"
"17031430800",8,81,731,0.110807113543092,"4308"
"17031430900",5,22,673,0.0326894502228826,"4309"
"17031430900",7,200,673,0.297176820208024,"4309"
"17031430900",8,451,673,0.670133729569094,"4309"
"17031431200",7,684,1369,0.49963476990504,"4312"
"17031431200",8,685,1369,0.50036523009496,"4312"
"17031431301",7,1356,1356,1,"4313.01"
"17031431302",7,1721,1721,1,"4313.02"
"17031431400",7,3769,3769,1,"4314"
"17031440101",8,1873,1873,1,"4401.01"
"17031440102",8,1650,1650,1,"4401.02"
"17031440201",6,2203,2407,0.915247195679269,"4402.01"
"17031440201",8,204,2407,0.0847528043207312,"4402.01"
"17031440202",6,1624,1712,0.948598130841122,"4402.02"
"17031440202",8,88,1712,0.0514018691588785,"4402.02"
"17031440300",6,2105,2105,1,"4403"
"17031440600",9,823,823,1,"4406"
"17031440700",6,155,668,0.232035928143713,"4407"
"17031440700",8,162,668,0.24251497005988,"4407"
"17031440700",9,351,668,0.525449101796407,"4407"
"17031440800",8,718,718,1,"4408"
"17031440900",6,61,1006,0.0606361829025845,"4409"
"17031440900",8,365,1006,0.362823061630219,"4409"
"17031440900",9,580,1006,0.576540755467197,"4409"
"17031450300",8,1461,1461,1,"4503"
"17031460100",7,1154,1154,1,"4601"
"17031460200",7,28,875,0.032,"4602"
"17031460200",10,847,875,0.968,"4602"
"17031460301",7,559,1006,0.555666003976143,"4603.01"
"17031460301",10,447,1006,0.444333996023857,"4603.01"
"17031460302",7,1214,1261,0.962727993655829,"4603.02"
"17031460302",10,47,1261,0.0372720063441713,"4603.02"
"17031460400",7,1334,1334,1,"4604"
"17031460500",7,329,2295,0.143355119825708,"4605"
"17031460500",8,1966,2295,0.856644880174292,"4605"
"17031460600",7,386,386,1,"4606"
"17031460700",10,949,949,1,"4607"
"17031461000",7,315,940,0.335106382978723,"4610"
"17031461000",10,625,940,0.664893617021277,"4610"
"17031470100",8,1020,1020,1,"4701"
"17031480100",8,930,930,1,"4801"
"17031480200",8,544,544,1,"4802"
"17031480300",8,577,577,1,"4803"
"17031480400",7,1228,2389,0.514022603599833,"4804"
"17031480400",8,1161,2389,0.485977396400167,"4804"
"17031480500",7,1052,1180,0.891525423728814,"4805"
"17031480500",10,128,1180,0.108474576271186,"4805"
"17031490300",9,888,888,1,"4903"
"17031490400",9,380,380,1,"4904"
"17031490500",9,950,950,1,"4905"
"17031490600",9,15,583,0.0257289879931389,"4906"
"17031490600",21,568,583,0.974271012006861,"4906"
"17031490700",9,910,910,1,"4907"
"17031490800",9,1518,1518,1,"4908"
"17031490901",9,1517,1517,1,"4909.01"
"17031490902",9,2038,2038,1,"4909.02"
"17031491000",34,1231,1231,1,"4910"
"17031491100",34,1763,1763,1,"4911"
"17031491200",34,728,728,1,"4912"
"17031491300",34,759,759,1,"4913"
"17031491400",9,1220,1220,1,"4914"
"17031500100",8,1626,1626,1,"5001"
"17031500200",9,833,833,1,"5002"
"17031500300",9,749,749,1,"5003"
"17031510100",10,1101,1101,1,"5101"
"17031510200",7,457,1087,0.420423183072677,"5102"
"17031510200",10,630,1087,0.579576816927323,"5102"
"17031510300",7,1822,2000,0.911,"5103"
"17031510300",10,178,2000,0.089,"5103"
"17031520100",10,548,548,1,"5201"
"17031520200",10,1016,1016,1,"5202"
"17031520300",10,1868,1868,1,"5203"
"17031520400",10,1356,1356,1,"5204"
"17031520500",10,1890,1890,1,"5205"
"17031520600",10,1051,1051,1,"5206"
"17031530100",9,785,785,1,"5301"
"17031530200",34,1392,1392,1,"5302"
"17031530300",34,1609,1609,1,"5303"
"17031530400",34,747,747,1,"5304"
"17031530501",9,632,1707,0.370240187463386,"5305.01"
"17031530501",34,1075,1707,0.629759812536614,"5305.01"
"17031530502",9,486,537,0.905027932960894,"5305.02"
"17031530502",34,51,537,0.0949720670391061,"5305.02"
"17031530503",9,808,1859,0.434642280796127,"5305.03"
"17031530503",34,1051,1859,0.565357719203873,"5305.03"
"17031530600",9,1003,1003,1,"5306"
"17031540101",9,1375,1375,1,"5401.01"
"17031540102",9,1198,1198,1,"5401.02"
"17031550100",10,2761,2761,1,"5501"
"17031550200",10,1072,1072,1,"5502"
"17031560100",22,669,669,1,"5601"
"17031560200",22,637,637,1,"5602"
"17031560300",22,978,978,1,"5603"
"17031560400",14,477,477,1,"5604"
"17031560700",14,631,1171,0.538855678906917,"5607"
"17031560700",23,540,1171,0.461144321093083,"5607"
"17031560800",14,1262,2194,0.575205104831358,"5608"
"17031560800",23,932,2194,0.424794895168642,"5608"
"17031560900",14,365,1961,0.186129525752167,"5609"
"17031560900",23,1596,1961,0.813870474247833,"5609"
"17031561000",13,1088,2176,0.5,"5610"
"17031561000",23,1088,2176,0.5,"5610"
"17031561100",13,930,1911,0.486656200941915,"5611"
"17031561100",23,981,1911,0.513343799058085,"5611"
"17031570100",14,394,394,1,"5701"
"17031570200",14,603,603,1,"5702"
"17031570300",14,1692,1692,1,"5703"
"17031570400",14,584,584,1,"5704"
"17031570500",14,6,742,0.00808625336927224,"5705"
"17031570500",23,736,742,0.991913746630728,"5705"
"17031580100",12,898,898,1,"5801"
"17031580200",12,894,894,1,"5802"
"17031580300",12,712,712,1,"5803"
"17031580400",14,1517,1517,1,"5804"
"17031580501",12,1137,1413,0.804670912951168,"5805.01"
"17031580501",15,276,1413,0.195329087048832,"5805.01"
"17031580502",14,98,1442,0.0679611650485437,"5805.02"
"17031580502",15,1344,1442,0.932038834951456,"5805.02"
"17031580600",12,607,1437,0.42240779401531,"5806"
"17031580600",15,830,1437,0.57759220598469,"5806"
"17031580700",12,1016,1664,0.610576923076923,"5807"
"17031580700",15,648,1664,0.389423076923077,"5807"
"17031580800",15,714,714,1,"5808"
"17031590500",12,700,700,1,"5905"
"17031590600",12,1167,1167,1,"5906"
"17031590700",12,994,994,1,"5907"
"17031600400",11,1628,1628,1,"6004"
"17031600600",11,1026,1026,1,"6006"
"17031600700",11,1124,1124,1,"6007"
"17031600900",11,1428,1428,1,"6009"
"17031610300",12,147,1596,0.0921052631578947,"6103"
"17031610300",15,1449,1596,0.907894736842105,"6103"
"17031610400",15,598,598,1,"6104"
"17031610800",11,555,555,1,"6108"
"17031611000",20,313,313,1,"6110"
"17031611100",20,751,751,1,"6111"
"17031611200",20,860,860,1,"6112"
"17031611300",15,344,857,0.401400233372229,"6113"
"17031611300",20,513,857,0.598599766627771,"6113"
"17031611400",15,944,944,1,"6114"
"17031611500",15,1121,1121,1,"6115"
"17031611600",16,511,511,1,"6116"
"17031611700",16,510,510,1,"6117"
"17031611800",16,633,633,1,"6118"
"17031611900",16,162,548,0.295620437956204,"6119"
"17031611900",20,386,548,0.704379562043796,"6119"
"17031612000",20,498,498,1,"6120"
"17031612100",20,396,396,1,"6121"
"17031620100",14,88,1226,0.0717781402936378,"6201"
"17031620100",23,1138,1226,0.928221859706362,"6201"
"17031620200",23,873,873,1,"6202"
"17031620300",13,2025,2025,1,"6203"
"17031620400",13,301,1224,0.245915032679739,"6204"
"17031620400",23,923,1224,0.754084967320261,"6204"
"17031630100",15,193,281,0.686832740213523,"6301"
"17031630100",16,88,281,0.313167259786477,"6301"
"17031630200",14,583,583,1,"6302"
"17031630300",14,1259,1259,1,"6303"
"17031630400",14,1766,1766,1,"6304"
"17031630500",14,1543,1557,0.991008349389852,"6305"
"17031630500",15,14,1557,0.00899165061014772,"6305"
"17031630800",14,939,1783,0.526640493550196,"6308"
"17031630800",16,844,1783,0.473359506449804,"6308"
"17031630900",14,553,1274,0.434065934065934,"6309"
"17031630900",23,721,1274,0.565934065934066,"6309"
"17031640100",13,470,487,0.965092402464066,"6401"
"17031640100",23,17,487,0.0349075975359343,"6401"
"17031640300",13,2353,2418,0.973118279569892,"6403"
"17031640300",23,65,2418,0.0268817204301075,"6403"
"17031640400",13,1069,1237,0.864187550525465,"6404"
"17031640400",23,168,1237,0.135812449474535,"6404"
"17031640500",23,1472,1472,1,"6405"
"17031640600",13,1100,1694,0.649350649350649,"6406"
"17031640600",23,594,1694,0.350649350649351,"6406"
"17031640700",13,1120,1120,1,"6407"
"17031640800",13,542,542,1,"6408"
"17031650100",23,1223,1223,1,"6501"
"17031650200",13,1176,2112,0.556818181818182,"6502"
"17031650200",23,936,2112,0.443181818181818,"6502"
"17031650301",13,1476,1570,0.940127388535032,"6503.01"
"17031650301",23,94,1570,0.0598726114649682,"6503.01"
"17031650302",13,575,1123,0.512021371326803,"6503.02"
"17031650302",23,548,1123,0.487978628673197,"6503.02"
"17031650400",13,1760,1760,1,"6504"
"17031650500",13,1007,1491,0.675385647216633,"6505"
"17031650500",18,484,1491,0.324614352783367,"6505"
"17031660301",16,584,584,1,"6603.01"
"17031660302",16,1503,1503,1,"6603.02"
"17031660400",23,1796,1796,1,"6604"
"17031660500",17,443,1714,0.258459743290548,"6605"
"17031660500",23,1271,1714,0.741540256709452,"6605"
"17031660600",16,398,2084,0.190978886756238,"6606"
"17031660600",17,1686,2084,0.809021113243762,"6606"
"17031660700",16,567,791,0.716814159292035,"6607"
"17031660700",17,224,791,0.283185840707965,"6607"
"17031660800",16,213,1677,0.12701252236136,"6608"
"17031660800",17,1464,1677,0.87298747763864,"6608"
"17031660900",17,1500,1500,1,"6609"
"17031661000",17,242,1915,0.126370757180157,"6610"
"17031661000",18,1673,1915,0.873629242819843,"6610"
"17031661100",17,865,1941,0.445646573930963,"6611"
"17031661100",18,1076,1941,0.554353426069037,"6611"
"17031670100",16,406,406,1,"6701"
"17031670200",16,355,355,1,"6702"
"17031670300",15,292,478,0.610878661087866,"6703"
"17031670300",16,186,478,0.389121338912134,"6703"
"17031670400",15,543,543,1,"6704"
"17031670500",15,281,368,0.763586956521739,"6705"
"17031670500",16,87,368,0.236413043478261,"6705"
"17031670600",15,321,401,0.800498753117207,"6706"
"17031670600",16,80,401,0.199501246882793,"6706"
"17031670700",15,402,419,0.959427207637232,"6707"
"17031670700",16,17,419,0.0405727923627685,"6707"
"17031670800",16,537,537,1,"6708"
"17031670900",16,520,520,1,"6709"
"17031671100",16,320,320,1,"6711"
"17031671200",15,312,321,0.97196261682243,"6712"
"17031671200",16,9,321,0.0280373831775701,"6712"
"17031671300",15,423,630,0.671428571428571,"6713"
"17031671300",16,119,630,0.188888888888889,"6713"
"17031671300",17,88,630,0.13968253968254,"6713"
"17031671400",16,487,487,1,"6714"
"17031671500",15,174,905,0.192265193370166,"6715"
"17031671500",16,87,905,0.0961325966850829,"6715"
"17031671500",17,644,905,0.711602209944751,"6715"
"17031671600",6,41,869,0.047180667433832,"6716"
"17031671600",16,446,869,0.513233601841197,"6716"
"17031671600",17,382,869,0.439585730724971,"6716"
"17031671800",6,211,386,0.546632124352332,"6718"
"17031671800",17,175,386,0.453367875647668,"6718"
"17031671900",6,28,336,0.0833333333333333,"6719"
"17031671900",17,308,336,0.916666666666667,"6719"
"17031672000",17,1259,1259,1,"6720"
"17031680500",16,411,413,0.995157384987893,"6805"
"17031680500",20,2,413,0.00484261501210654,"6805"
"17031680600",16,406,406,1,"6806"
"17031680900",6,267,1623,0.164510166358595,"6809"
"17031680900",20,1356,1623,0.835489833641405,"6809"
"17031681000",6,359,1293,0.277648878576953,"6810"
"17031681000",16,895,1293,0.692188708430008,"6810"
"17031681000",20,39,1293,0.0301624129930394,"6810"
"17031681100",6,902,1025,0.88,"6811"
"17031681100",16,123,1025,0.12,"6811"
"17031681200",6,865,865,1,"6812"
"17031681300",6,782,782,1,"6813"
"17031681400",6,589,962,0.612266112266112,"6814"
"17031681400",17,373,962,0.387733887733888,"6814"
"17031690300",6,1197,1197,1,"6903"
"17031690400",6,1312,1495,0.877591973244147,"6904"
"17031690400",20,183,1495,0.122408026755853,"6904"
"17031690500",6,303,339,0.893805309734513,"6905"
"17031690500",20,36,339,0.106194690265487,"6905"
"17031690900",5,9,1756,0.005125284738041,"6909"
"17031690900",6,1747,1756,0.994874715261959,"6909"
"17031691000",6,1124,1124,1,"6910"
"17031691100",6,1241,1241,1,"6911"
"17031691200",6,585,1099,0.532302092811647,"6912"
"17031691200",17,514,1099,0.467697907188353,"6912"
"17031691300",6,1016,1016,1,"6913"
"17031691400",6,1322,1322,1,"6914"
"17031691500",5,4,843,0.00474495848161329,"6915"
"17031691500",8,839,843,0.995255041518387,"6915"
"17031700100",18,1074,1074,1,"7001"
"17031700200",13,1,1919,0.000521104742053153,"7002"
"17031700200",18,1918,1919,0.999478895257947,"7002"
"17031700301",18,2088,2088,1,"7003.01"
"17031700302",18,1796,1796,1,"7003.02"
"17031700401",18,1906,1906,1,"7004.01"
"17031700402",18,1333,1333,1,"7004.02"
"17031700501",18,2932,2932,1,"7005.01"
"17031700502",18,1283,1283,1,"7005.02"
"17031710100",6,275,471,0.583864118895966,"7101"
"17031710100",17,196,471,0.416135881104034,"7101"
"17031710200",17,1891,1891,1,"7102"
"17031710300",17,549,549,1,"7103"
"17031710400",17,1408,1921,0.732951587714732,"7104"
"17031710400",18,513,1921,0.267048412285268,"7104"
"17031710500",17,941,1655,0.568580060422961,"7105"
"17031710500",18,120,1655,0.0725075528700906,"7105"
"17031710500",21,594,1655,0.358912386706949,"7105"
"17031710600",17,44,680,0.0647058823529412,"7106"
"17031710600",21,636,680,0.935294117647059,"7106"
"17031710700",17,305,1390,0.219424460431655,"7107"
"17031710700",21,1085,1390,0.780575539568345,"7107"
"17031710800",17,958,2052,0.466861598440546,"7108"
"17031710800",21,1094,2052,0.533138401559454,"7108"
"17031710900",17,95,838,0.113365155131265,"7109"
"17031710900",21,743,838,0.886634844868735,"7109"
"17031711000",21,1111,1111,1,"7110"
"17031711100",21,987,987,1,"7111"
"17031711200",17,187,2050,0.0912195121951219,"7112"
"17031711200",18,401,2050,0.195609756097561,"7112"
"17031711200",21,1462,2050,0.713170731707317,"7112"
"17031711300",21,640,640,1,"7113"
"17031711400",21,872,872,1,"7114"
"17031711500",21,866,866,1,"7115"
"17031720100",19,1229,1229,1,"7201"
"17031720200",19,1563,1724,0.90661252900232,"7202"
"17031720200",34,161,1724,0.0933874709976798,"7202"
"17031720300",19,1357,1357,1,"7203"
"17031720400",19,741,741,1,"7204"
"17031720500",19,794,794,1,"7205"
"17031720600",19,627,627,1,"7206"
"17031720700",19,1473,1479,0.995943204868154,"7207"
"17031720700",34,6,1479,0.00405679513184584,"7207"
"17031730100",21,940,940,1,"7301"
"17031730201",21,2490,2490,1,"7302.01"
"17031730202",21,1437,1437,1,"7302.02"
"17031730300",21,435,435,1,"7303"
"17031730400",19,42,1405,0.0298932384341637,"7304"
"17031730400",21,1074,1405,0.7644128113879,"7304"
"17031730400",34,289,1405,0.205693950177936,"7304"
"17031730500",9,447,1643,0.272063298843579,"7305"
"17031730500",21,774,1643,0.471089470480828,"7305"
"17031730500",34,422,1643,0.256847230675593,"7305"
"17031730600",34,1358,1358,1,"7306"
"17031730700",34,871,871,1,"7307"
"17031740100",19,1178,1178,1,"7401"
"17031740200",19,2652,2652,1,"7402"
"17031740300",19,1761,1761,1,"7403"
"17031740400",19,1861,1861,1,"7404"
"17031750100",19,67,1523,0.0439921208141825,"7501"
"17031750100",34,1456,1523,0.956007879185817,"7501"
"17031750200",19,1241,1248,0.994391025641026,"7502"
"17031750200",34,7,1248,0.00560897435897436,"7502"
"17031750300",19,956,956,1,"7503"
"17031750400",NA,17,1227,0.0138549307253464,"7504"
"17031750400",19,1210,1227,0.986145069274654,"7504"
"17031750500",19,1827,2490,0.733734939759036,"7505"
"17031750500",34,663,2490,0.266265060240964,"7505"
"17031750600",34,1279,1279,1,"7506"
"17031760801",41,2701,2701,1,"7608.01"
"17031760802",38,1151,1151,1,"7608.02"
"17031760803",41,2823,2823,1,"7608.03"
"17031830500",22,1088,1088,1,"8305"
"17031830600",40,759,1956,0.388036809815951,"8306"
"17031830600",49,1197,1956,0.611963190184049,"8306"
"17031830700",46,2128,2128,1,"8307"
"17031830800",47,1437,1437,1,"8308"
"17031830900",1,193,1307,0.147666411629686,"8309"
"17031830900",32,1114,1307,0.852333588370314,"8309"
"17031831000",2,77,1103,0.0698096101541251,"8310"
"17031831000",32,1026,1103,0.930190389845875,"8310"
"17031831100",30,2258,2768,0.815751445086705,"8311"
"17031831100",35,510,2768,0.184248554913295,"8311"
"17031831200",26,216,1450,0.148965517241379,"8312"
"17031831200",35,1110,1450,0.76551724137931,"8312"
"17031831200",36,124,1450,0.0855172413793103,"8312"
"17031831300",37,374,374,1,"8313"
"17031831400",24,59,1296,0.0455246913580247,"8314"
"17031831400",29,1237,1296,0.954475308641975,"8314"
"17031831500",29,55,1155,0.0476190476190476,"8315"
"17031831500",36,1100,1155,0.952380952380952,"8315"
"17031831600",29,796,2818,0.282469836763662,"8316"
"17031831600",36,2022,2818,0.717530163236338,"8316"
"17031831700",30,544,802,0.678304239401496,"8317"
"17031831700",45,258,802,0.321695760598504,"8317"
"17031831800",33,66,2570,0.0256809338521401,"8318"
"17031831800",39,2501,2570,0.973151750972763,"8318"
"17031831800",40,3,2570,0.00116731517509728,"8318"
"17031831900",44,747,1329,0.562076749435666,"8319"
"17031831900",47,582,1329,0.437923250564334,"8319"
"17031832000",44,899,899,1,"8320"
"17031832100",46,1794,1794,1,"8321"
"17031832200",32,1508,1508,1,"8322"
"17031832300",32,929,929,1,"8323"
"17031832400",1,1234,1234,1,"8324"
"17031832500",2,1579,1977,0.798684876074861,"8325"
"17031832500",32,13,1977,0.0065756196256955,"8325"
"17031832500",43,385,1977,0.194739504299444,"8325"
"17031832600",2,177,1771,0.0999435347261434,"8326"
"17031832600",43,1594,1771,0.900056465273857,"8326"
"17031832900",28,1139,1139,1,"8329"
"17031833000",25,686,2523,0.271898533491875,"8330"
"17031833000",27,1837,2523,0.728101466508125,"8330"
"17031833100",25,1933,4371,0.442232898650194,"8331"
"17031833100",27,949,4371,0.217112788835507,"8331"
"17031833100",28,1489,4371,0.340654312514299,"8331"
"17031833300",11,76,936,0.0811965811965812,"8333"
"17031833300",25,860,936,0.918803418803419,"8333"
"17031833900",7,1,804,0.00124378109452736,"8339"
"17031833900",10,803,804,0.998756218905473,"8339"
"17031834000",21,1157,1157,1,"8340"
"17031834200",5,264,1864,0.141630901287554,"8342"
"17031834200",8,1600,1864,0.858369098712446,"8342"
"17031834300",8,2648,2648,1,"8343"
"17031834400",5,591,1783,0.331463825014021,"8344"
"17031834400",20,1192,1783,0.668536174985979,"8344"
"17031834500",3,71,487,0.145790554414784,"8345"
"17031834500",20,416,487,0.854209445585216,"8345"
"17031834600",3,250,1070,0.233644859813084,"8346"
"17031834600",20,820,1070,0.766355140186916,"8346"
"17031834700",16,264,607,0.43492586490939,"8347"
"17031834700",20,343,607,0.56507413509061,"8347"
"17031834800",16,614,691,0.888567293777135,"8348"
"17031834800",20,77,691,0.111432706222865,"8348"
"17031834900",6,216,822,0.262773722627737,"8349"
"17031834900",16,217,822,0.263990267639903,"8349"
"17031834900",17,389,822,0.47323600973236,"8349"
"17031835000",16,1937,1937,1,"8350"
"17031835100",15,657,1407,0.466950959488273,"8351"
"17031835100",16,750,1407,0.533049040511727,"8351"
"17031835200",14,632,673,0.939078751857355,"8352"
"17031835200",23,41,673,0.0609212481426449,"8352"
"17031835500",3,740,740,1,"8355"
"17031835600",3,353,353,1,"8356"
"17031835800",3,647,647,1,"8358"
"17031835900",3,1558,1558,1,"8359"
"17031836000",3,730,1328,0.549698795180723,"8360"
"17031836000",4,598,1328,0.450301204819277,"8360"
"17031836100",3,780,780,1,"8361"
"17031836200",5,1389,1389,1,"8362"
"17031836300",4,151,723,0.208852005532503,"8363"
"17031836300",5,572,723,0.791147994467497,"8363"
"17031836400",4,1657,1657,1,"8364"
"17031836500",4,698,698,1,"8365"
"17031836600",26,662,967,0.68459152016546,"8366"
"17031836600",27,305,967,0.31540847983454,"8366"
"17031836700",26,1,872,0.00114678899082569,"8367"
"17031836700",27,871,872,0.998853211009174,"8367"
"17031836800",28,1033,1033,1,"8368"
"17031836900",27,173,462,0.374458874458874,"8369"
"17031836900",28,289,462,0.625541125541126,"8369"
"17031837000",27,821,821,1,"8370"
"17031837100",27,864,864,1,"8371"
"17031837300",24,957,1129,0.847652790079717,"8373"
"17031837300",28,172,1129,0.152347209920283,"8373"
"17031837400",27,638,1134,0.562610229276896,"8374"
"17031837400",28,496,1134,0.437389770723104,"8374"
"17031837800",27,1336,1336,1,"8378"
"17031838000",27,1198,1327,0.902788244159759,"8380"
"17031838000",28,129,1327,0.0972117558402412,"8380"
"17031838100",27,953,1356,0.702802359882006,"8381"
"17031838100",28,403,1356,0.297197640117994,"8381"
"17031838200",27,77,1433,0.0537334263782275,"8382"
"17031838200",28,1356,1433,0.946266573621772,"8382"
"17031838300",27,803,803,1,"8383"
"17031838600",24,268,679,0.394698085419735,"8386"
"17031838600",28,411,679,0.605301914580265,"8386"
"17031838700",24,1593,1593,1,"8387"
"17031838800",7,547,1119,0.488829311885612,"8388"
"17031838800",10,572,1119,0.511170688114388,"8388"
"17031839000",4,3791,5152,0.735830745341615,"8390"
"17031839000",25,1361,5152,0.264169254658385,"8390"
"17031839100",4,1356,7877,0.172146756379332,"8391"
"17031839100",25,945,7877,0.119969531547543,"8391"
"17031839100",42,5576,7877,0.707883712073124,"8391"
"17031839200",3,324,1454,0.22283356258597,"8392"
"17031839200",4,1130,1454,0.77716643741403,"8392"
"17031839500",3,545,870,0.626436781609195,"8395"
"17031839500",4,325,870,0.373563218390805,"8395"
"17031839600",3,715,883,0.809739524348811,"8396"
"17031839600",4,168,883,0.190260475651189,"8396"
"17031839700",11,1917,1917,1,"8397"
"17031839800",11,1214,1214,1,"8398"
"17031839900",11,1684,1684,1,"8399"
"17031840000",11,1033,1033,1,"8400"
"17031840100",11,1066,1066,1,"8401"
"17031840200",11,846,846,1,"8402"
"17031840300",12,733,1219,0.601312551271534,"8403"
"17031840300",25,486,1219,0.398687448728466,"8403"
"17031840400",12,1215,1215,1,"8404"
"17031840700",12,913,1169,0.781009409751925,"8407"
"17031840700",24,256,1169,0.218990590248075,"8407"
"17031840800",12,292,914,0.319474835886214,"8408"
"17031840800",22,622,914,0.680525164113786,"8408"
"17031841000",3,614,1688,0.363744075829384,"8410"
"17031841000",4,1074,1688,0.636255924170616,"8410"
"17031841100",3,1,2869,0.000348553502962705,"8411"
"17031841100",11,505,2869,0.176019518996166,"8411"
"17031841100",25,2363,2869,0.823631927500871,"8411"
"17031841200",25,2062,2074,0.994214079074253,"8412"
"17031841200",28,12,2074,0.00578592092574735,"8412"
"17031841300",25,1545,1545,1,"8413"
"17031841400",24,433,433,1,"8414"
"17031841500",24,1040,1040,1,"8415"
"17031841600",24,258,258,1,"8416"
"17031841700",24,718,718,1,"8417"
"17031841800",5,793,988,0.802631578947368,"8418"
"17031841800",8,195,988,0.197368421052632,"8418"
"17031841900",11,2773,4966,0.558397100281917,"8419"
"17031841900",25,2193,4966,0.441602899718083,"8419"
"17031842000",3,2431,2629,0.924686192468619,"8420"
"17031842000",4,198,2629,0.0753138075313808,"8420"
"17031842100",37,2137,2137,1,"8421"
"17031842200",2,239,1953,0.122375832053251,"8422"
"17031842200",27,1714,1953,0.877624167946749,"8422"
"17031842300",2,101,1657,0.0609535304767652,"8423"
"17031842300",27,1110,1657,0.669885334942667,"8423"
"17031842300",32,110,1657,0.0663850331925166,"8423"
"17031842300",42,336,1657,0.202776101388051,"8423"
"17031842400",17,819,1325,0.61811320754717,"8424"
"17031842400",21,506,1325,0.38188679245283,"8424"
"17031842500",6,70,835,0.0838323353293413,"8425"
"17031842500",20,765,835,0.916167664670659,"8425"
"17031842600",3,35,1500,0.0233333333333333,"8426"
"17031842600",11,1264,1500,0.842666666666667,"8426"
"17031842600",15,156,1500,0.104,"8426"
"17031842600",20,45,1500,0.03,"8426"
"17031842800",14,261,2079,0.125541125541126,"8428"
"17031842800",15,1818,2079,0.874458874458874,"8428"
"17031842900",25,809,1209,0.66914805624483,"8429"
"17031842900",28,400,1209,0.33085194375517,"8429"
"17031843000",24,971,971,1,"8430"
"17031843100",12,10,682,0.0146627565982405,"8431"
"17031843100",24,672,682,0.98533724340176,"8431"
"17031843200",11,27,861,0.0313588850174216,"8432"
"17031843200",25,834,861,0.968641114982578,"8432"
"17031843300",28,1080,1080,1,"8433"
"17031843400",22,418,453,0.922737306843267,"8434"
"17031843400",24,35,453,0.0772626931567329,"8434"
"17031843500",12,8107,8107,1,"8435"
"17031843600",4,1312,1312,1,"8436"
"17031843700",32,512,987,0.518743667679838,"8437"
"17031843700",33,69,987,0.0699088145896656,"8437"
"17031843700",47,406,987,0.411347517730496,"8437"
"17031843800",3,82,638,0.128526645768025,"8438"
"17031843800",11,296,638,0.463949843260188,"8438"
"17031843800",20,260,638,0.407523510971787,"8438"
"17031843900",5,1869,1928,0.969398340248963,"8439"
"17031843900",20,59,1928,0.0306016597510373,"8439"
