GEO_ID,RESP_DATE,DRRALL,CRRALL,DRRINT,CRRINT,state,county,tract
1400000US17031834900,2020-05-31,0.1,35.9,0,16.7,17,31,834900
1400000US17031835000,2020-05-31,0.2,39.3,0,23,17,31,835000
1400000US17031835100,2020-05-31,0.1,42.6,0,25.7,17,31,835100
1400000US17031835200,2020-05-31,0.1,52.9,0,30.2,17,31,835200
1400000US17031835500,2020-05-31,0,41.8,0,18.5,17,31,835500
1400000US17031835600,2020-05-31,0,32.1,0,15.5,17,31,835600
1400000US17031835800,2020-05-31,0,39.4,0,36.9,17,31,835800
1400000US17031836000,2020-05-31,0,44.2,0,40,17,31,836000
1400000US17031836100,2020-05-31,0.2,34.6,0,21,17,31,836100
1400000US17031836200,2020-05-31,0.5,39.2,0.5,37,17,31,836200
1400000US17031836300,2020-05-31,0,54.8,0,48.9,17,31,836300
1400000US17031836400,2020-05-31,0.1,56.4,0,46,17,31,836400
1400000US17031836500,2020-05-31,0,54.5,0,47.1,17,31,836500
1400000US17031836700,2020-05-31,0,39,0,23.9,17,31,836700
1400000US17031836800,2020-05-31,0,47.1,0,26.2,17,31,836800
1400000US17031837000,2020-05-31,0,37.4,0,25.4,17,31,837000
1400000US17031837100,2020-05-31,0,40,0,30.2,17,31,837100
1400000US17031837400,2020-05-31,0,42.2,0,27.9,17,31,837400
1400000US17031837800,2020-05-31,0.1,49.6,0,44,17,31,837800
1400000US17031838100,2020-05-31,0,41.5,0,30.6,17,31,838100
1400000US17031838200,2020-05-31,0,44.3,0,38.1,17,31,838200
1400000US17031838600,2020-05-31,0.1,44.4,0,27.5,17,31,838600
1400000US17031838800,2020-05-31,0.1,46.9,0,22.8,17,31,838800
1400000US17031839000,2020-05-31,0,58.5,0,56.1,17,31,839000
1400000US17031839200,2020-05-31,0,54.5,0,44.6,17,31,839200
1400000US17031839500,2020-05-31,0,43.4,0,19.9,17,31,839500
1400000US17031839700,2020-05-31,0.1,46.9,0,42.2,17,31,839700
1400000US17031839800,2020-05-31,0.1,49.1,0,43.8,17,31,839800
1400000US17031840000,2020-05-31,0.1,60.2,0.1,53.6,17,31,840000
1400000US17031840100,2020-05-31,0,49.2,0,45.1,17,31,840100
1400000US17031840400,2020-05-31,0.2,50.8,0.2,45.7,17,31,840400
1400000US17031841100,2020-05-31,0,51.2,0,48,17,31,841100
1400000US17031841200,2020-05-31,0.1,38.5,0.1,33.9,17,31,841200
1400000US17031841500,2020-05-31,0,37.6,0,25.8,17,31,841500
1400000US17031841700,2020-05-31,0.2,36.7,0.1,16.6,17,31,841700
1400000US17031841900,2020-05-31,0.1,64.3,0.1,62.1,17,31,841900
1400000US17031842000,2020-05-31,0,50.3,0,46.3,17,31,842000
1400000US17031842200,2020-05-31,0,46.7,0,43.1,17,31,842200
1400000US17031842300,2020-05-31,0,54.2,0,51.7,17,31,842300
1400000US17031842500,2020-05-31,0.1,47.8,0,34.7,17,31,842500
1400000US17031842600,2020-05-31,0,46.3,0,40.3,17,31,842600
1400000US17031842900,2020-05-31,0,60.1,0,35.9,17,31,842900
1400000US17031843100,2020-05-31,0.1,39.2,0,26.3,17,31,843100
1400000US17031843200,2020-05-31,0.3,37.6,0.2,31.6,17,31,843200
1400000US17031843400,2020-05-31,0,33.8,0,18.9,17,31,843400
1400000US17031843500,2020-05-31,0,36.9,0,30.3,17,31,843500
1400000US17031843700,2020-05-31,0,61.7,0,55.2,17,31,843700
1400000US17031843800,2020-05-31,0.1,37,0.1,31.2,17,31,843800
1400000US17031844600,2020-05-31,0,40,0,33.6,17,31,844600
1400000US17031844700,2020-05-31,0.2,34,0.1,26.1,17,31,844700
1400000US17031410500,2020-05-31,0,52.5,0,47.2,17,31,410500
1400000US17031410800,2020-05-31,0,56.8,0,50.8,17,31,410800
1400000US17031411100,2020-05-31,0.1,64.8,0,61.3,17,31,411100
1400000US17031431301,2020-05-31,0.1,32.8,0.1,26.5,17,31,431301
1400000US17031440101,2020-05-31,0,37.6,0,22.6,17,31,440101
1400000US17031440202,2020-05-31,0,59.4,0,28.6,17,31,440202
1400000US17031440700,2020-05-31,0,57.7,0,30.9,17,31,440700
1400000US17031440900,2020-05-31,0.1,45.8,0.1,25.9,17,31,440900
1400000US17031460200,2020-05-31,0,27,0,16,17,31,460200
1400000US17031460400,2020-05-31,0.1,45.4,0.1,26.7,17,31,460400
1400000US17031461000,2020-05-31,0,43.8,0,12.7,17,31,461000
1400000US17031480200,2020-05-31,0,54.3,0,33.2,17,31,480200
1400000US17031480400,2020-05-31,0.1,68.4,0.1,37.5,17,31,480400
1400000US17031490500,2020-05-31,0.1,61.1,0.1,35.6,17,31,490500
1400000US17031490800,2020-05-31,0.1,57.6,0,30.3,17,31,490800
1400000US17031491000,2020-05-31,0,39.8,0,21.3,17,31,491000
1400000US17031491300,2020-05-31,0,36,0,20.9,17,31,491300
1400000US17031500100,2020-05-31,0,63.4,0,32.1,17,31,500100
1400000US17031510100,2020-05-31,0.2,48.6,0.2,26.4,17,31,510100
1400000US17031520100,2020-05-31,0,40.9,0,23.3,17,31,520100
1400000US17031520400,2020-05-31,0,54.3,0,44.2,17,31,520400
1400000US17031530100,2020-05-31,0.1,32.8,0,17.3,17,31,530100
1400000US17031530300,2020-05-31,0.1,63.2,0.1,34.8,17,31,530300
1400000US17031530502,2020-05-31,0.2,69.5,0,38.7,17,31,530502
1400000US17031540101,2020-05-31,0.1,48.3,0,33.1,17,31,540101
1400000US17031550200,2020-05-31,0.3,71,0,59.7,17,31,550200
1400000US17031580502,2020-05-31,0.1,40.1,0.1,34.2,17,31,580502
1400000US17031580800,2020-05-31,0,37.2,0,31.6,17,31,580800
1400000US17031590700,2020-05-31,0.1,42.2,0,38,17,31,590700
1400000US17031600700,2020-05-31,0,49.9,0,33.3,17,31,600700
1400000US17031610400,2020-05-31,0.3,20.8,0,13.2,17,31,610400
1400000US17031611300,2020-05-31,0.2,27.6,0,16.6,17,31,611300
1400000US17031611600,2020-05-31,0.2,39.3,0.2,34.3,17,31,611600
1400000US17031611800,2020-05-31,0,30.6,0,16.8,17,31,611800
1400000US17031612100,2020-05-31,0.2,36.5,0.2,19,17,31,612100
1400000US17031620200,2020-05-31,0,58.1,0,49.1,17,31,620200
1400000US17031630300,2020-05-31,0,43,0,35.8,17,31,630300
1400000US17031630600,2020-05-31,0.1,41,0.1,31.4,17,31,630600
1400000US17031630900,2020-05-31,0.1,49.6,0,28.3,17,31,630900
1400000US17031640400,2020-05-31,0.1,70.8,0,61.4,17,31,640400
1400000US17031640700,2020-05-31,0.1,66,0.1,58.1,17,31,640700
1400000US17031650200,2020-05-31,0.1,53.5,0.1,33.4,17,31,650200
1400000US17031650400,2020-05-31,0.1,62.8,0.1,54.1,17,31,650400
1400000US17031660301,2020-05-31,0.1,35.1,0,22.3,17,31,660301
1400000US17031670300,2020-05-31,0,28.6,0,18.4,17,31,670300
1400000US17031660500,2020-05-31,0.4,51.1,0.1,28.4,17,31,660500
1400000US17031660800,2020-05-31,0.2,39,0,24,17,31,660800
1400000US17031661100,2020-05-31,0.1,58.4,0,34,17,31,661100
1400000US17031670600,2020-05-31,0.3,36.8,0,21.1,17,31,670600
1400000US17031690500,2020-05-31,0,39.2,0,22.8,17,31,690500
1400000US17031691000,2020-05-31,0.2,50.8,0.1,41.5,17,31,691000
1400000US17031691300,2020-05-31,0,52.8,0,44.2,17,31,691300
1400000US17031700100,2020-05-31,0,62.7,0,54,17,31,700100
1400000US17031700302,2020-05-31,0,71.3,0,61.2,17,31,700302
1400000US17031700501,2020-05-31,0.2,71.1,0.1,60,17,31,700501
1400000US17031710200,2020-05-31,0,46.2,0,26.6,17,31,710200
1400000US17031710400,2020-05-31,0,57.9,0,30,17,31,710400
1400000US17031710700,2020-05-31,0.1,49.5,0,25.5,17,31,710700
1400000US17031711000,2020-05-31,0.1,48.6,0,27.7,17,31,711000
1400000US17031711300,2020-05-31,0,56.8,0,29.9,17,31,711300
1400000US17031720100,2020-05-31,0,78.3,0,72.5,17,31,720100
1400000US17031720300,2020-05-31,0.1,80.9,0,74.8,17,31,720300
1400000US17031720600,2020-05-31,0.3,78.8,0.2,72.1,17,31,720600
1400000US17031730201,2020-05-31,0.1,54,0.1,30.4,17,31,730201
1400000US17031730400,2020-05-31,0.3,64.7,0.1,37.1,17,31,730400
1400000US17031730700,2020-05-31,0,61.1,0,36.9,17,31,730700
1400000US17031740300,2020-05-31,0.1,73.6,0.1,65.4,17,31,740300
1400000US17031750200,2020-05-31,0.1,65.1,0.1,56.5,17,31,750200
1400000US17031750400,2020-05-31,0.1,75.4,0,67.7,17,31,750400
1400000US17031760801,2020-05-31,0.1,51.1,0.1,46.1,17,31,760801
1400000US17031770201,2020-05-31,0.1,78.1,0.1,69.2,17,31,770201
1400000US17031801400,2020-05-31,0,82.3,0,77.2,17,31,801400
1400000US17031801603,2020-05-31,0.1,65,0,57.1,17,31,801603
1400000US17031801607,2020-05-31,0.1,72.1,0,66.2,17,31,801607
1400000US17031801701,2020-05-31,0,86.8,0,81.9,17,31,801701
1400000US17031801901,2020-05-31,0,72.7,0,64.1,17,31,801901
1400000US17031802003,2020-05-31,0.1,79.7,0,72.8,17,31,802003
1400000US17031802200,2020-05-31,0.1,74.2,0,67.9,17,31,802200
1400000US17031802403,2020-05-31,0.1,80,0,71.5,17,31,802403
1400000US17031802504,2020-05-31,0,78.5,0,68.9,17,31,802504
1400000US17031802605,2020-05-31,0,77.4,0,70.6,17,31,802605
1400000US17031802608,2020-05-31,0.1,80.1,0,70.8,17,31,802608
1400000US17031802701,2020-05-31,0,79.2,0,71.4,17,31,802701
1400000US17031802802,2020-05-31,0,83.9,0,76.7,17,31,802802
1400000US17031803007,2020-05-31,0,80.5,0,74.8,17,31,803007
1400000US17031803012,2020-05-31,0.1,70.3,0,64.5,17,31,803012
1400000US17031803015,2020-05-31,0,80.4,0,73.1,17,31,803015
1400000US17031803017,2020-05-31,0,74.5,0,70.3,17,31,803017
1400000US17031031800,2020-05-31,0.1,65.1,0,61.4,17,31,31800
1400000US17031071700,2020-05-31,0.2,62.1,0.2,59.2,17,31,71700
1400000US17031190100,2020-05-31,0,45.9,0,34.1,17,31,190100
1400000US17031242200,2020-05-31,0,57.1,0,55.6,17,31,242200
1400000US17031300900,2020-05-31,0,28.7,0,25,17,31,300900
1400000US17031510300,2020-05-31,0,60.8,0,30.2,17,31,510300
1400000US17031590500,2020-05-31,0,49.3,0,44.7,17,31,590500
1400000US17031671800,2020-05-31,0.2,42.3,0.2,24,17,31,671800
1400000US17031801902,2020-05-31,0,77.6,0,70.8,17,31,801902
1400000US17031805105,2020-05-31,0,62.6,0,56,17,31,805105
1400000US17031806900,2020-05-31,0,73.9,0,65.3,17,31,806900
1400000US17031813701,2020-05-31,0.2,37.4,0,31,17,31,813701
1400000US17031819700,2020-05-31,0,84,0,79.8,17,31,819700
1400000US17031825400,2020-05-31,0,74.9,0,64,17,31,825400
1400000US17031829903,2020-05-31,0,68.4,0,59.9,17,31,829903
1400000US17031840800,2020-05-31,0,33.4,0,21.7,17,31,840800
1400000US17031803400,2020-05-31,0.1,82.7,0,76.3,17,31,803400
1400000US17031803603,2020-05-31,0.1,82.2,0.1,77.3,17,31,803603
1400000US17031803607,2020-05-31,0.1,86.1,0.1,81,17,31,803607
1400000US17031803612,2020-05-31,0.1,51,0.1,46.5,17,31,803612
1400000US17031804305,2020-05-31,0.1,77.3,0,69.4,17,31,804305
1400000US17031804309,2020-05-31,0,76,0,67.1,17,31,804309
1400000US17031804314,2020-05-31,0.1,77.7,0,70.7,17,31,804314
1400000US17031804403,2020-05-31,0,72.2,0,66.3,17,31,804403
1400000US17031804406,2020-05-31,0.1,70.4,0,62.3,17,31,804406
1400000US17031804508,2020-05-31,0,60.4,0,54.7,17,31,804508
1400000US17031804510,2020-05-31,0,61.8,0,54.2,17,31,804510
1400000US17031804513,2020-05-31,0.1,80.3,0,74.4,17,31,804513
1400000US17031804606,2020-05-31,0,85.4,0,80.4,17,31,804606
1400000US17031804609,2020-05-31,0.1,73.5,0,67.7,17,31,804609
1400000US17031804701,2020-05-31,0.1,65.9,0,60.4,17,31,804701
1400000US17031804709,2020-05-31,0,61.2,0,53.1,17,31,804709
1400000US17031804711,2020-05-31,0,70.8,0,65.2,17,31,804711
1400000US17031804714,2020-05-31,0,78.8,0,72.8,17,31,804714
1400000US17031804803,2020-05-31,0,75.9,0,69.1,17,31,804803
1400000US17031804806,2020-05-31,0.1,74.6,0.1,67.4,17,31,804806
1400000US17031804809,2020-05-31,0,86,0,79.7,17,31,804809
1400000US17031804902,2020-05-31,0,81.5,0,74.1,17,31,804902
1400000US17031805002,2020-05-31,0.1,66.2,0,58.8,17,31,805002
1400000US17031805107,2020-05-31,0.2,55,0.1,49.5,17,31,805107
1400000US17031805110,2020-05-31,0.2,78.9,0.1,68.9,17,31,805110
1400000US17031805201,2020-05-31,0,78.7,0,71.4,17,31,805201
1400000US17031806102,2020-05-31,0,65.7,0,58.4,17,31,806102
1400000US17031806201,2020-05-31,0,69.7,0,63,17,31,806201
1400000US17031806400,2020-05-31,0,75.9,0,67.7,17,31,806400
1400000US17031806600,2020-05-31,0.1,75.6,0,64.9,17,31,806600
1400000US17031806802,2020-05-31,0.2,72.1,0.1,65.5,17,31,806802
1400000US17031807100,2020-05-31,0,78.9,0,73.7,17,31,807100
1400000US17031807300,2020-05-31,0,70.9,0,63.9,17,31,807300
1400000US17031807600,2020-05-31,0,77.3,0,69.5,17,31,807600
1400000US17031807900,2020-05-31,0,73.9,0,65.1,17,31,807900
1400000US17031808100,2020-05-31,0.1,74.8,0.1,31.9,17,31,808100
1400000US17031808302,2020-05-31,0.2,73.1,0.2,64.5,17,31,808302
1400000US17031808600,2020-05-31,0.1,69.6,0,64.6,17,31,808600
1400000US17031808800,2020-05-31,0,76.4,0,72,17,31,808800
1400000US17031809100,2020-05-31,0.1,78.1,0.1,73.3,17,31,809100
1400000US17031809401,2020-05-31,0.1,66.1,0,59.7,17,31,809401
1400000US17031809600,2020-05-31,0.1,66.9,0,60.7,17,31,809600
1400000US17031809900,2020-05-31,0.1,76,0,73.1,17,31,809900
1400000US17031031200,2020-05-31,0.1,52.5,0.1,45.5,17,31,31200
1400000US17031071400,2020-05-31,0.1,59.3,0.1,55.9,17,31,71400
1400000US17031180100,2020-05-31,0,59,0,52.2,17,31,180100
1400000US17031241600,2020-05-31,0,48.1,0,46.6,17,31,241600
1400000US17031300700,2020-05-31,0.2,30.5,0,20.5,17,31,300700
1400000US17031510200,2020-05-31,0,63.5,0,33.2,17,31,510200
1400000US17031580600,2020-05-31,0.1,39.8,0,33.8,17,31,580600
1400000US17031671500,2020-05-31,0.2,36.8,0.1,20,17,31,671500
1400000US17031802404,2020-05-31,0.1,58.7,0,49.7,17,31,802404
1400000US17031807000,2020-05-31,0,64.5,0,57.9,17,31,807000
1400000US17031814100,2020-05-31,0.1,39.4,0,23.4,17,31,814100
1400000US17031819801,2020-05-31,0.1,84.4,0.1,79.1,17,31,819801
1400000US17031825504,2020-05-31,0,59.8,0,51.9,17,31,825504
1400000US17031830008,2020-05-31,0,68.9,0,62.6,17,31,830008
1400000US17031840300,2020-05-31,0.1,53.9,0,46.9,17,31,840300
1400000US17031010202,2020-05-31,0,58.2,0,50.4,17,31,10202
1400000US17031010501,2020-05-31,0.1,63.1,0,57.1,17,31,10501
1400000US17031010600,2020-05-31,0,61.2,0,56.7,17,31,10600
1400000US17031010702,2020-05-31,0,53.3,0,48.8,17,31,10702
1400000US17031020301,2020-05-31,0,67.5,0,56.6,17,31,20301
1400000US17031020500,2020-05-31,0.2,51.9,0.1,45.7,17,31,20500
1400000US17031030706,2020-05-31,0.1,59.2,0,50.4,17,31,30706
1400000US17031031000,2020-05-31,0,65.5,0,62.8,17,31,31000
1400000US17031031300,2020-05-31,0.1,61.6,0,52.4,17,31,31300
1400000US17031031502,2020-05-31,0.1,54.4,0.1,48.1,17,31,31502
1400000US17031031900,2020-05-31,0.1,68.6,0.1,65,17,31,31900
1400000US17031040100,2020-05-31,0.1,64.8,0.1,61,17,31,40100
1400000US17031040300,2020-05-31,0,66.7,0,59.7,17,31,40300
1400000US17031040600,2020-05-31,0.1,65.7,0.1,62.4,17,31,40600
1400000US17031040900,2020-05-31,0,64.7,0,61,17,31,40900
1400000US17031050200,2020-05-31,0,63.4,0,57.4,17,31,50200
1400000US17031050600,2020-05-31,0.2,68.1,0.2,65.7,17,31,50600
1400000US17031050900,2020-05-31,0,59.1,0,57,17,31,50900
1400000US17031051200,2020-05-31,0,62.8,0,60.1,17,31,51200
1400000US17031060100,2020-05-31,0.1,69.4,0,66.2,17,31,60100
1400000US17031060400,2020-05-31,0.1,63.4,0.1,61.1,17,31,60400
1400000US17031060800,2020-05-31,0,65.9,0,61,17,31,60800
1400000US17031061100,2020-05-31,0.1,52,0.1,50.4,17,31,61100
1400000US17031061800,2020-05-31,0,58.8,0,56.7,17,31,61800
1400000US17031062000,2020-05-31,0,63.8,0,62.1,17,31,62000
1400000US17031062300,2020-05-31,0.1,62.2,0.1,60.6,17,31,62300
1400000US17031810702,2020-05-31,0.1,55.4,0,30.5,17,31,810702
1400000US17031810100,2020-05-31,0.1,71.8,0,67.4,17,31,810100
1400000US17031810302,2020-05-31,0,75,0,69,17,31,810302
1400000US17031810502,2020-05-31,0.1,67.4,0,55.4,17,31,810502
1400000US17031811000,2020-05-31,0.1,74.2,0,63.4,17,31,811000
1400000US17031812802,2020-05-31,0.1,61.1,0,56.7,17,31,812802
1400000US17031813100,2020-05-31,0.1,68.8,0,64.2,17,31,813100
1400000US17031813301,2020-05-31,0,35.6,0,30.1,17,31,813301
1400000US17031813500,2020-05-31,0.1,47.3,0,40.6,17,31,813500
1400000US17031813702,2020-05-31,0.1,40.3,0,34,17,31,813702
1400000US17031813900,2020-05-31,0.1,45.1,0.1,38.2,17,31,813900
1400000US17031814200,2020-05-31,0.1,36.6,0.1,30.9,17,31,814200
1400000US17031814500,2020-05-31,0.1,60.7,0,52.3,17,31,814500
1400000US17031814700,2020-05-31,0.1,54.3,0.1,46.9,17,31,814700
1400000US17031815000,2020-05-31,0,48.2,0,30.4,17,31,815000
1400000US17031815300,2020-05-31,0.1,67.4,0.1,57.9,17,31,815300
1400000US17031815600,2020-05-31,0.1,74.4,0,63.4,17,31,815600
1400000US17031815800,2020-05-31,0,75.8,0,67,17,31,815800
1400000US17031816000,2020-05-31,0.1,63.1,0.1,57.6,17,31,816000
1400000US17031816300,2020-05-31,0.1,58.3,0,29.8,17,31,816300
1400000US17031816500,2020-05-31,0.3,54.3,0,27,17,31,816500
1400000US17031816800,2020-05-31,0,71,0,60.7,17,31,816800
1400000US17031817101,2020-05-31,0.2,61.1,0,51.6,17,31,817101
1400000US17031817300,2020-05-31,0,45.9,0,28.2,17,31,817300
1400000US17031817500,2020-05-31,0.1,52.5,0,29.2,17,31,817500
1400000US17031817900,2020-05-31,0.2,65.2,0.1,53.7,17,31,817900
1400000US17031818200,2020-05-31,0.1,74.5,0,66.6,17,31,818200
1400000US17031820101,2020-05-31,0.1,78.6,0,69.5,17,31,820101
1400000US17031820202,2020-05-31,0,59.3,0,46.1,17,31,820202
1400000US17031820300,2020-05-31,0.1,51.2,0,27,17,31,820300
1400000US17031820502,2020-05-31,0.1,60.9,0,51.3,17,31,820502
1400000US17031820605,2020-05-31,0.1,47.8,0,42.2,17,31,820605
1400000US17031820800,2020-05-31,0,63.9,0,55.2,17,31,820800
1400000US17031820902,2020-05-31,0,66.9,0,36.7,17,31,820902
1400000US17031821101,2020-05-31,0.1,72.4,0,61,17,31,821101
1400000US17031821300,2020-05-31,0,51.9,0,28.1,17,31,821300
1400000US17031821500,2020-05-31,0.1,34.3,0.1,21.3,17,31,821500
1400000US17031821800,2020-05-31,0.1,71,0,61.6,17,31,821800
1400000US17031822000,2020-05-31,0.1,74.1,0,58.6,17,31,822000
1400000US17031822200,2020-05-31,0.1,75.8,0,64.5,17,31,822200
1400000US17031822400,2020-05-31,0,67.9,0,58.2,17,31,822400
1400000US17031822602,2020-05-31,0,70,0,60.2,17,31,822602
1400000US17031822702,2020-05-31,0,67.6,0,57.7,17,31,822702
1400000US17031822900,2020-05-31,0,69,0,60.7,17,31,822900
1400000US17031062500,2020-05-31,0,58.7,0,56.7,17,31,62500
1400000US17031062800,2020-05-31,0.1,59.6,0.1,57.4,17,31,62800
1400000US17031063100,2020-05-31,0.1,65.4,0.1,64.1,17,31,63100
1400000US17031071800,2020-05-31,0,66.2,0,62.5,17,31,71800
1400000US17031080202,2020-05-31,0.2,59,0.2,55.5,17,31,80202
1400000US17031081000,2020-05-31,0.1,55.8,0.1,49.6,17,31,81000
1400000US17031081201,2020-05-31,0,47.8,0,43.6,17,31,81201
1400000US17031081401,2020-05-31,0,50.3,0,46.2,17,31,81401
1400000US17031081500,2020-05-31,0.1,48.3,0,45.6,17,31,81500
1400000US17031081800,2020-05-31,0,48.5,0,46.8,17,31,81800
1400000US17031090200,2020-05-31,0.2,69.1,0.1,61.5,17,31,90200
1400000US17031100200,2020-05-31,0,70.8,0,61.8,17,31,100200
1400000US17031100500,2020-05-31,0,77.7,0,67.6,17,31,100500
1400000US17031100700,2020-05-31,0.1,79.1,0,68,17,31,100700
1400000US17031110300,2020-05-31,0,75.1,0,65.7,17,31,110300
1400000US17031110502,2020-05-31,0.2,58.5,0.2,51.4,17,31,110502
1400000US17031120300,2020-05-31,0,77.6,0,70.1,17,31,120300
1400000US17031130200,2020-05-31,0.1,73.3,0.1,64.3,17,31,130200
1400000US17031140200,2020-05-31,0,52.1,0,46.1,17,31,140200
1400000US17031140302,2020-05-31,0,55.5,0,49.3,17,31,140302
1400000US17031140601,2020-05-31,0,55.6,0,49.7,17,31,140601
1400000US17031140702,2020-05-31,0,48.1,0,42.4,17,31,140702
1400000US17031150300,2020-05-31,0.2,61.1,0.1,52.5,17,31,150300
1400000US17031150501,2020-05-31,0.1,65.6,0,57.6,17,31,150501
1400000US17031150700,2020-05-31,0.1,61.6,0,53.5,17,31,150700
1400000US17031170200,2020-05-31,0,66.8,0,57.2,17,31,170200
1400000US17031170500,2020-05-31,0.1,69,0,59.4,17,31,170500
1400000US17031170800,2020-05-31,0,64.4,0,54.7,17,31,170800
1400000US17031171100,2020-05-31,0.1,63.4,0.1,54.5,17,31,171100
1400000US17031190200,2020-05-31,0.1,51.7,0,43.4,17,31,190200
1400000US17031190401,2020-05-31,0,56.1,0,47.6,17,31,190401
1400000US17031190602,2020-05-31,0,52.3,0,44.1,17,31,190602
1400000US17031190800,2020-05-31,0,43,0,35.9,17,31,190800
1400000US17031191100,2020-05-31,0.1,42.8,0,25.7,17,31,191100
1400000US17031191302,2020-05-31,0,40.4,0,33.6,17,31,191302
1400000US17031200300,2020-05-31,0.1,44,0,36.6,17,31,200300
1400000US17031200402,2020-05-31,0,40.4,0,34.8,17,31,200402
1400000US17031210501,2020-05-31,0.1,43.9,0.1,40,17,31,210501
1400000US17031210602,2020-05-31,0,46.8,0,42.6,17,31,210602
1400000US17031210900,2020-05-31,0,51,0,46.5,17,31,210900
1400000US17031220500,2020-05-31,0,59.7,0,56.9,17,31,220500
1400000US17031220701,2020-05-31,0,47.9,0,43,17,31,220701
1400000US17031220902,2020-05-31,0,46.9,0,41.8,17,31,220902
1400000US17031221200,2020-05-31,0.1,62.1,0,58.4,17,31,221200
1400000US17031823101,2020-05-31,0.1,65.8,0,55.2,17,31,823101
1400000US17031823302,2020-05-31,0.1,67.1,0.1,33.4,17,31,823302
1400000US17031823400,2020-05-31,0.1,58.9,0.1,32.2,17,31,823400
1400000US17031823602,2020-05-31,0,76.4,0,33.9,17,31,823602
1400000US17031823605,2020-05-31,0.2,77.7,0.1,66.4,17,31,823605
1400000US17031824116,2020-05-31,0,68.8,0,59.9,17,31,824116
1400000US17031824122,2020-05-31,0.1,84.7,0.1,77,17,31,824122
1400000US17031824125,2020-05-31,0,80,0,72.3,17,31,824125
1400000US17031824127,2020-05-31,0.1,85.1,0,77.5,17,31,824127
1400000US17031824300,2020-05-31,0.1,50.9,0,24.4,17,31,824300
1400000US17031824505,2020-05-31,0,72.4,0,64,17,31,824505
1400000US17031824509,2020-05-31,0,79.7,0,71.2,17,31,824509
1400000US17031824701,2020-05-31,0.2,68.1,0.1,57.9,17,31,824701
1400000US17031824900,2020-05-31,0,60.6,0,32.8,17,31,824900
1400000US17031825200,2020-05-31,0,73.6,0,65.9,17,31,825200
1400000US17031825304,2020-05-31,0.1,78.5,0,69.1,17,31,825304
1400000US17031825503,2020-05-31,0,68,0,40,17,31,825503
1400000US17031825600,2020-05-31,0.1,58.2,0.1,48.8,17,31,825600
1400000US17031825802,2020-05-31,0,57.9,0,51.5,17,31,825802
1400000US17031825900,2020-05-31,0,54.7,0,33.1,17,31,825900
1400000US17031826201,2020-05-31,0.1,60.4,0,26.1,17,31,826201
1400000US17031826303,2020-05-31,0,69.9,0,62.1,17,31,826303
1400000US17031826402,2020-05-31,0.1,64.2,0,54.6,17,31,826402
1400000US17031826700,2020-05-31,0,45.9,0,26.9,17,31,826700
1400000US17031826902,2020-05-31,0,37.4,0,20,17,31,826902
1400000US17031827200,2020-05-31,0,48.2,0,24.6,17,31,827200
1400000US17031827400,2020-05-31,1,43,1,20.1,17,31,827400
1400000US17031828601,2020-05-31,0.1,80.6,0,72.2,17,31,828601
1400000US17031828702,2020-05-31,0,64.7,0,35.8,17,31,828702
1400000US17031828900,2020-05-31,0,43.7,0,24.5,17,31,828900
1400000US17031829200,2020-05-31,0.1,52.6,0.1,44.7,17,31,829200
1400000US17031829302,2020-05-31,0,48.5,0,26.9,17,31,829302
1400000US17031829500,2020-05-31,0.1,56.1,0,27.5,17,31,829500
1400000US17031829800,2020-05-31,0,77.4,0,71.7,17,31,829800
1400000US17031829904,2020-05-31,0.1,78.8,0,67.6,17,31,829904
1400000US17031830004,2020-05-31,0.1,70.9,0,63.3,17,31,830004
1400000US17031830006,2020-05-31,0.1,67.6,0.1,56.8,17,31,830006
1400000US17031830100,2020-05-31,0.1,71.8,0.1,64.9,17,31,830100
1400000US17031830300,2020-05-31,0.1,65.3,0.1,54.7,17,31,830300
1400000US17031830600,2020-05-31,0.1,55.5,0.1,51,17,31,830600
1400000US17031830900,2020-05-31,0,56.4,0,53.5,17,31,830900
1400000US17031831100,2020-05-31,0.1,49.8,0,44.8,17,31,831100
1400000US17031831400,2020-05-31,0.2,48.1,0.1,27.2,17,31,831400
1400000US17031831700,2020-05-31,0.1,56.9,0.1,49.6,17,31,831700
1400000US17031241000,2020-05-31,0,45.6,0,43,17,31,241000
1400000US17031221400,2020-05-31,0.1,60.1,0.1,57.3,17,31,221400
1400000US17031222200,2020-05-31,0,58.8,0,57.1,17,31,222200
1400000US17031222700,2020-05-31,0.1,48.6,0.1,44.7,17,31,222700
1400000US17031241300,2020-05-31,0,60.3,0,58,17,31,241300
1400000US17031241500,2020-05-31,0.2,51.9,0.1,50.5,17,31,241500
1400000US17031242100,2020-05-31,0,60.7,0,58.4,17,31,242100
1400000US17031242400,2020-05-31,0,52.4,0,48.7,17,31,242400
1400000US17031242700,2020-05-31,0,46.3,0,41.5,17,31,242700
1400000US17031243000,2020-05-31,0.1,55.1,0,52.3,17,31,243000
1400000US17031243300,2020-05-31,0,53.6,0,51.8,17,31,243300
1400000US17031243500,2020-05-31,0,48.4,0,46.1,17,31,243500
1400000US17031250400,2020-05-31,0.1,48.9,0.1,41.4,17,31,250400
1400000US17031250700,2020-05-31,0,47.3,0,26.1,17,31,250700
1400000US17031251100,2020-05-31,0,42.8,0,21.6,17,31,251100
1400000US17031251400,2020-05-31,0.1,49.4,0,26.6,17,31,251400
1400000US17031251700,2020-05-31,0,36.6,0,22.9,17,31,251700
1400000US17031251900,2020-05-31,0,40,0,27,17,31,251900
1400000US17031252102,2020-05-31,0.1,46.7,0,38.7,17,31,252102
1400000US17031260100,2020-05-31,0,48.6,0,21.9,17,31,260100
1400000US17031260400,2020-05-31,0.3,38.6,0.3,23.7,17,31,260400
1400000US17031260700,2020-05-31,0.1,35.6,0,21.2,17,31,260700
1400000US17031260900,2020-05-31,0,35.3,0,23.2,17,31,260900
1400000US17031271200,2020-05-31,0.2,37.7,0,32.5,17,31,271200
1400000US17031271500,2020-05-31,0,46.8,0,40.7,17,31,271500
1400000US17031280400,2020-05-31,0,57.3,0,35.7,17,31,280400
1400000US17031301701,2020-05-31,0.1,34.6,0,22.8,17,31,301701
1400000US17031301802,2020-05-31,0,35.8,0,30.4,17,31,301802
1400000US17031310300,2020-05-31,0.1,45.2,0.1,40,17,31,310300
1400000US17031310600,2020-05-31,0.1,34.7,0.1,30.8,17,31,310600
1400000US17031310800,2020-05-31,0.1,36.1,0.1,32.4,17,31,310800
1400000US17031320102,2020-05-31,0.1,50.2,0,48.7,17,31,320102
1400000US17031330101,2020-05-31,0.1,66.5,0,63.7,17,31,330101
1400000US17031330200,2020-05-31,0.1,71.8,0.1,64.6,17,31,330200
1400000US17031340500,2020-05-31,0.1,52.9,0.1,33.6,17,31,340500
1400000US17031350400,2020-05-31,0.1,49.9,0,29.3,17,31,350400
1400000US17031351100,2020-05-31,0,54.6,0,35.7,17,31,351100
1400000US17031360200,2020-05-31,0.2,59.2,0,35.2,17,31,360200
1400000US17031380600,2020-05-31,0,46,0,26.5,17,31,380600
1400000US17031381500,2020-05-31,0,32.1,0,15.8,17,31,381500
1400000US17031381900,2020-05-31,0,45,0,37.1,17,31,381900
1400000US17031390300,2020-05-31,0.1,40.4,0.1,24.3,17,31,390300
1400000US17031390500,2020-05-31,0.4,59,0.3,53.2,17,31,390500
1400000US17031400300,2020-05-31,0,40.6,0,35.1,17,31,400300
1400000US17031400800,2020-05-31,0.1,40.8,0.1,24.5,17,31,400800
1400000US17031833900,2020-05-31,0.1,32.6,0,19.3,17,31,833900
1400000US17031832300,2020-05-31,0.2,55.3,0.1,52.5,17,31,832300
1400000US17031832600,2020-05-31,0.2,61.7,0.2,60,17,31,832600
1400000US17031833000,2020-05-31,0.1,48.6,0.1,46.8,17,31,833000
1400000US17031836600,2020-05-31,0.1,41.5,0,37,17,31,836600
1400000US17031836900,2020-05-31,0,42.4,0,37.1,17,31,836900
1400000US17031837300,2020-05-31,0.2,46.5,0,40.9,17,31,837300
1400000US17031838000,2020-05-31,0.1,55.5,0,32.8,17,31,838000
1400000US17031838300,2020-05-31,0,45.3,0,41.5,17,31,838300
1400000US17031838700,2020-05-31,0,34.5,0,23.8,17,31,838700
1400000US17031839100,2020-05-31,0,43,0,41.7,17,31,839100
1400000US17031839600,2020-05-31,0,44.9,0,36.5,17,31,839600
1400000US17031839900,2020-05-31,0.1,55.9,0,50,17,31,839900
1400000US17031840200,2020-05-31,0,49,0,44.1,17,31,840200
1400000US17031840700,2020-05-31,0.1,28.8,0.1,25.1,17,31,840700
1400000US17031841000,2020-05-31,0,57.4,0,49.6,17,31,841000
1400000US17031841300,2020-05-31,0,38.9,0,34.2,17,31,841300
1400000US17031841800,2020-05-31,0.1,40.7,0,25.1,17,31,841800
1400000US17031842100,2020-05-31,0,43.2,0,35,17,31,842100
1400000US17031842400,2020-05-31,0.1,53.7,0,28.7,17,31,842400
1400000US17031842800,2020-05-31,0.2,38.2,0.1,31.5,17,31,842800
1400000US17031843000,2020-05-31,0.1,41.3,0,24.1,17,31,843000
1400000US17031843300,2020-05-31,0.2,29.7,0,24.4,17,31,843300
1400000US17031843600,2020-05-31,0.1,49.3,0.1,31.3,17,31,843600
1400000US17031843900,2020-05-31,0,45.2,0,26.3,17,31,843900
1400000US17031832000,2020-05-31,0,60,0,58.7,17,31,832000
1400000US17031720400,2020-05-31,0,78.5,0,70.5,17,31,720400
1400000US17031720500,2020-05-31,0,76,0,67.7,17,31,720500
1400000US17031720700,2020-05-31,0.1,57.1,0.1,50.9,17,31,720700
1400000US17031730100,2020-05-31,0.1,72.1,0,40.4,17,31,730100
1400000US17031730202,2020-05-31,0,63.1,0,33.8,17,31,730202
1400000US17031730300,2020-05-31,0,53.8,0,31,17,31,730300
1400000US17031730500,2020-05-31,0.2,61.9,0.2,36.1,17,31,730500
1400000US17031730600,2020-05-31,0.1,63.3,0.1,33.8,17,31,730600
1400000US17031740100,2020-05-31,0.1,72.4,0,63.1,17,31,740100
1400000US17031740200,2020-05-31,0,68.3,0,60.3,17,31,740200
1400000US17031740400,2020-05-31,0,67.5,0,58.8,17,31,740400
1400000US17031750100,2020-05-31,0.1,62.9,0.1,35.3,17,31,750100
1400000US17031750300,2020-05-31,0.3,73,0.1,66.5,17,31,750300
1400000US17031750500,2020-05-31,0.1,62,0,33.9,17,31,750500
1400000US17031750600,2020-05-31,0.1,58.2,0,31.5,17,31,750600
1400000US17031760802,2020-05-31,0,72,0,57.5,17,31,760802
1400000US17031760803,2020-05-31,0.1,53.3,0.1,46.7,17,31,760803
1400000US17031770202,2020-05-31,0,82.8,0,73,17,31,770202
1400000US17031770300,2020-05-31,0.2,76.2,0.1,67.9,17,31,770300
1400000US17031770400,2020-05-31,0.2,72.7,0.1,64.6,17,31,770400
1400000US17031770500,2020-05-31,0.5,48.6,0.2,25.4,17,31,770500
1400000US17031770601,2020-05-31,0.1,81.6,0.1,71.6,17,31,770601
1400000US17031770602,2020-05-31,0,62.5,0,53.3,17,31,770602
1400000US17031770700,2020-05-31,0.1,68.7,0,56.9,17,31,770700
1400000US17031770800,2020-05-31,0.1,64.2,0.1,35.5,17,31,770800
1400000US17031770901,2020-05-31,0,77.1,0,64.3,17,31,770901
1400000US17031770902,2020-05-31,0.1,69.1,0.1,58.2,17,31,770902
1400000US17031800100,2020-05-31,0.1,74.9,0,70.3,17,31,800100
1400000US17031800200,2020-05-31,0,77.2,0,73,17,31,800200
1400000US17031800300,2020-05-31,0.1,73.8,0,68.9,17,31,800300
1400000US17031800400,2020-05-31,0,78,0,73.4,17,31,800400
1400000US17031800500,2020-05-31,0.1,77.5,0,72.5,17,31,800500
1400000US17031800600,2020-05-31,0,77.2,0,73.4,17,31,800600
1400000US17031800700,2020-05-31,0.1,82.1,0,76.8,17,31,800700
1400000US17031800800,2020-05-31,0.3,76.2,0.1,67.2,17,31,800800
1400000US17031800900,2020-05-31,0.1,81.2,0,76.3,17,31,800900
1400000US17031801000,2020-05-31,0,80.8,0,73.4,17,31,801000
1400000US17031801100,2020-05-31,0.1,82.6,0.1,78.6,17,31,801100
1400000US17031801200,2020-05-31,0.1,79.1,0.1,72.9,17,31,801200
1400000US17031801300,2020-05-31,0.2,80.3,0.2,75.2,17,31,801300
1400000US17031801500,2020-05-31,0,74.4,0,67.5,17,31,801500
1400000US17031801601,2020-05-31,0,73.8,0,67.3,17,31,801601
1400000US17031720200,2020-05-31,0.1,66.8,0.1,60.6,17,31,720200
1400000US17031801605,2020-05-31,0,81.4,0,74.6,17,31,801605
1400000US17031801606,2020-05-31,0.1,76,0,68.6,17,31,801606
1400000US17031802002,2020-05-31,0.1,80.5,0.1,74.1,17,31,802002
1400000US17031801608,2020-05-31,0.1,74.9,0,66.7,17,31,801608
1400000US17031801702,2020-05-31,0.1,81.4,0,76.3,17,31,801702
1400000US17031801800,2020-05-31,0,74.6,0,67.7,17,31,801800
1400000US17031802004,2020-05-31,0.2,65.1,0.1,56.4,17,31,802004
1400000US17031802100,2020-05-31,0.1,82.7,0,77.3,17,31,802100
1400000US17031802300,2020-05-31,0.1,72.7,0,65.1,17,31,802300
1400000US17031802402,2020-05-31,0.1,67.1,0,59.7,17,31,802402
1400000US17031802503,2020-05-31,0.1,74.5,0,68,17,31,802503
1400000US17031802505,2020-05-31,0,54.6,0,48.7,17,31,802505
1400000US17031802506,2020-05-31,0,69.6,0,59.4,17,31,802506
1400000US17031802607,2020-05-31,0,79.3,0,73.3,17,31,802607
1400000US17031802609,2020-05-31,0.1,58.8,0.1,50.5,17,31,802609
1400000US17031802610,2020-05-31,0,82.8,0,74.9,17,31,802610
1400000US17031802702,2020-05-31,0.1,81.9,0,70.4,17,31,802702
1400000US17031802801,2020-05-31,0,81.4,0,74.5,17,31,802801
1400000US17031802900,2020-05-31,0,86.1,0,81,17,31,802900
1400000US17031803005,2020-05-31,0.2,74.4,0,65.8,17,31,803005
1400000US17031803008,2020-05-31,0.1,83.2,0,77.8,17,31,803008
1400000US17031803010,2020-05-31,0.1,82.9,0.1,76.7,17,31,803010
1400000US17031803013,2020-05-31,0.1,79.2,0.1,71.4,17,31,803013
1400000US17031803014,2020-05-31,0.1,70.5,0.1,64.3,17,31,803014
1400000US17031803016,2020-05-31,0,63.4,0,60,17,31,803016
1400000US17031803100,2020-05-31,0.1,85.6,0,79.4,17,31,803100
1400000US17031803200,2020-05-31,0.1,82.8,0,72.9,17,31,803200
1400000US17031803300,2020-05-31,0.1,71.1,0,64.6,17,31,803300
1400000US17031803500,2020-05-31,0,82.4,0,74.8,17,31,803500
1400000US17031803604,2020-05-31,0,78.4,0,70,17,31,803604
1400000US17031803605,2020-05-31,0,79.6,0,73.9,17,31,803605
1400000US17031803608,2020-05-31,0,69.8,0,65.6,17,31,803608
1400000US17031803611,2020-05-31,0,66.2,0,59,17,31,803611
1400000US17031803613,2020-05-31,0,56.1,0,49.6,17,31,803613
1400000US17031803614,2020-05-31,0.1,50.8,0.1,44.5,17,31,803614
1400000US17031803615,2020-05-31,0.2,69.4,0.1,64.7,17,31,803615
1400000US17031803616,2020-05-31,0,70.8,0,66,17,31,803616
1400000US17031803701,2020-05-31,0,74.4,0,66.3,17,31,803701
1400000US17031803702,2020-05-31,0.1,77.6,0.1,71.9,17,31,803702
1400000US17031803800,2020-05-31,0.1,80.4,0.1,73.1,17,31,803800
1400000US17031803901,2020-05-31,0.1,74.7,0,66.3,17,31,803901
1400000US17031803902,2020-05-31,0,81.7,0,73.6,17,31,803902
1400000US17031804000,2020-05-31,0.2,83.6,0.1,74.9,17,31,804000
1400000US17031804102,2020-05-31,0,84.2,0,79.2,17,31,804102
1400000US17031804104,2020-05-31,0.1,85.6,0,80.7,17,31,804104
1400000US17031804105,2020-05-31,0,87.4,0,82.5,17,31,804105
1400000US17031804106,2020-05-31,0.1,82.9,0.1,77.6,17,31,804106
1400000US17031804108,2020-05-31,0,54.5,0,51.9,17,31,804108
1400000US17031804109,2020-05-31,0.1,81.4,0.1,75.1,17,31,804109
1400000US17031804202,2020-05-31,0,80,0,74.4,17,31,804202
1400000US17031804203,2020-05-31,0,78.8,0,74.2,17,31,804203
1400000US17031804204,2020-05-31,0,73,0,67.7,17,31,804204
1400000US17031804306,2020-05-31,0,75,0,64.4,17,31,804306
1400000US17031804308,2020-05-31,0.1,76.5,0,69.1,17,31,804308
1400000US17031804312,2020-05-31,0,84.6,0,80,17,31,804312
1400000US17031804313,2020-05-31,0,77.5,0,72.3,17,31,804313
1400000US17031804315,2020-05-31,0.1,83.4,0.1,76.5,17,31,804315
1400000US17031804316,2020-05-31,0.1,79.5,0,72.1,17,31,804316
1400000US17031804404,2020-05-31,0,75.3,0,67.2,17,31,804404
1400000US17031804405,2020-05-31,0.2,64.6,0.1,59.3,17,31,804405
1400000US17031804505,2020-05-31,0.2,72.4,0.2,65.7,17,31,804505
1400000US17031804506,2020-05-31,0,80.1,0,73.2,17,31,804506
1400000US17031804509,2020-05-31,0,71.4,0,63.7,17,31,804509
1400000US17031804511,2020-05-31,0.1,61,0.1,53.7,17,31,804511
1400000US17031804512,2020-05-31,0.1,76,0.1,71.1,17,31,804512
1400000US17031804514,2020-05-31,0.1,75.4,0.1,65.4,17,31,804514
1400000US17031804603,2020-05-31,0,61.4,0,57.1,17,31,804603
1400000US17031804607,2020-05-31,0,82.1,0,75.9,17,31,804607
1400000US17031804608,2020-05-31,0.1,78.7,0.1,71.9,17,31,804608
1400000US17031804610,2020-05-31,0.1,77.4,0,70.3,17,31,804610
1400000US17031804611,2020-05-31,0,80.9,0,74.5,17,31,804611
1400000US17031804705,2020-05-31,0,74.2,0,68.1,17,31,804705
1400000US17031804706,2020-05-31,0,87.1,0,82.2,17,31,804706
1400000US17031804710,2020-05-31,0,82.7,0,75.9,17,31,804710
1400000US17031804712,2020-05-31,0.1,79.7,0.1,75.4,17,31,804712
1400000US17031804713,2020-05-31,0,65.8,0,62.1,17,31,804713
1400000US17031804715,2020-05-31,0,61.4,0,54.8,17,31,804715
1400000US17031804716,2020-05-31,0,76.8,0,72,17,31,804716
1400000US17031804804,2020-05-31,0.2,72.9,0,65.1,17,31,804804
1400000US17031804805,2020-05-31,0,82.2,0,75.4,17,31,804805
1400000US17031804807,2020-05-31,0.1,82.2,0,74.3,17,31,804807
1400000US17031804808,2020-05-31,0,86.4,0,80.6,17,31,804808
1400000US17031804810,2020-05-31,0.1,78.2,0.1,70.6,17,31,804810
1400000US17031804901,2020-05-31,0,83.4,0,75.5,17,31,804901
1400000US17031805001,2020-05-31,0,85.5,0,77.6,17,31,805001
1400000US17031805106,2020-05-31,0.2,77.7,0.1,69.9,17,31,805106
1400000US17031805108,2020-05-31,0,57.8,0,52,17,31,805108
1400000US17031805109,2020-05-31,0.1,82.1,0,72.6,17,31,805109
1400000US17031805111,2020-05-31,0.1,59.9,0,52.5,17,31,805111
1400000US17031805112,2020-05-31,0,62.4,0,31,17,31,805112
1400000US17031805401,2020-05-31,0.1,76.7,0,63.7,17,31,805401
1400000US17031805202,2020-05-31,0,70.3,0,64.5,17,31,805202
1400000US17031805301,2020-05-31,0.1,76.3,0,66.9,17,31,805301
1400000US17031805302,2020-05-31,0.1,82.3,0,74,17,31,805302
1400000US17031805402,2020-05-31,0,77.9,0,66.9,17,31,805402
1400000US17031805501,2020-05-31,0.1,69.2,0,60.2,17,31,805501
1400000US17031805502,2020-05-31,0.3,78.2,0.1,71.7,17,31,805502
1400000US17031805600,2020-05-31,0.1,83.9,0.1,78.3,17,31,805600
1400000US17031805701,2020-05-31,0.1,81.1,0.1,72.2,17,31,805701
1400000US17031805702,2020-05-31,0,81.9,0,72.2,17,31,805702
1400000US17031805801,2020-05-31,0.2,81.5,0.2,71.6,17,31,805801
1400000US17031805802,2020-05-31,0,79.6,0,71.6,17,31,805802
1400000US17031805901,2020-05-31,0.1,73.5,0.1,63.2,17,31,805901
1400000US17031805902,2020-05-31,0.1,79,0,68.9,17,31,805902
1400000US17031806001,2020-05-31,0,65.2,0,56.5,17,31,806001
1400000US17031806002,2020-05-31,0.1,62.7,0,55.4,17,31,806002
1400000US17031806004,2020-05-31,0,66,0,56.3,17,31,806004
1400000US17031806005,2020-05-31,0.1,59.2,0,51.8,17,31,806005
1400000US17031806006,2020-05-31,0,69.2,0,58.5,17,31,806006
1400000US17031806103,2020-05-31,0.1,80.3,0.1,71.7,17,31,806103
1400000US17031806104,2020-05-31,0.2,55.2,0.1,46.7,17,31,806104
1400000US17031806202,2020-05-31,0,74.8,0,64,17,31,806202
1400000US17031806300,2020-05-31,0,79.2,0,70.1,17,31,806300
1400000US17031806501,2020-05-31,0.1,65.8,0,56.4,17,31,806501
1400000US17031806502,2020-05-31,0.1,77,0,66.2,17,31,806502
1400000US17031806700,2020-05-31,0.1,83.5,0,78.3,17,31,806700
1400000US17031806801,2020-05-31,0.1,73.6,0,66.3,17,31,806801
1400000US17031807200,2020-05-31,0.1,77.9,0,71.4,17,31,807200
1400000US17031807400,2020-05-31,0,69.9,0,63.9,17,31,807400
1400000US17031807500,2020-05-31,0.1,77.8,0,72.5,17,31,807500
1400000US17031807700,2020-05-31,0.2,73.4,0.1,63.9,17,31,807700
1400000US17031807800,2020-05-31,0.2,74.4,0,65.8,17,31,807800
1400000US17031808001,2020-05-31,0,72.7,0,65.9,17,31,808001
1400000US17031808002,2020-05-31,0.1,68,0,59,17,31,808002
1400000US17031808200,2020-05-31,0,76.8,0,67.1,17,31,808200
1400000US17031808301,2020-05-31,0,77.2,0,68.3,17,31,808301
1400000US17031808400,2020-05-31,0,80.8,0,72.4,17,31,808400
1400000US17031808500,2020-05-31,0,83.4,0,75.7,17,31,808500
1400000US17031808702,2020-05-31,0.2,71.1,0.2,65.9,17,31,808702
1400000US17031808900,2020-05-31,0,82.2,0,77.4,17,31,808900
1400000US17031809000,2020-05-31,0,78.9,0,71.5,17,31,809000
1400000US17031809200,2020-05-31,0,54.9,0,47,17,31,809200
1400000US17031809300,2020-05-31,0,62.6,0,58.3,17,31,809300
1400000US17031809402,2020-05-31,0.1,56.9,0,53.6,17,31,809402
1400000US17031809700,2020-05-31,0,70.2,0,65,17,31,809700
1400000US17031809800,2020-05-31,0.1,71.9,0,66.1,17,31,809800
1400000US17031810000,2020-05-31,0.1,71.8,0,68.3,17,31,810000
1400000US17031810200,2020-05-31,0.1,64.1,0.1,58.1,17,31,810200
1400000US17031810301,2020-05-31,0.1,72.1,0.1,65.5,17,31,810301
1400000US17031810400,2020-05-31,0,79.7,0,71.4,17,31,810400
1400000US17031810501,2020-05-31,0.1,70.9,0.1,59.3,17,31,810501
1400000US17031810600,2020-05-31,0,61.4,0,52.3,17,31,810600
1400000US17031810701,2020-05-31,0.2,51.3,0.1,43.7,17,31,810701
1400000US17031810800,2020-05-31,0.1,71.3,0.1,62,17,31,810800
1400000US17031810900,2020-05-31,0.1,59.1,0.1,50.4,17,31,810900
1400000US17031811100,2020-05-31,0.1,60.5,0,51.1,17,31,811100
1400000US17031811200,2020-05-31,0.2,70.2,0,60.8,17,31,811200
1400000US17031811301,2020-05-31,0.1,64.1,0.1,54.8,17,31,811301
1400000US17031811302,2020-05-31,0.1,49.3,0,27.8,17,31,811302
1400000US17031811401,2020-05-31,0,65,0,54.9,17,31,811401
1400000US17031811402,2020-05-31,0.1,71,0.1,60.3,17,31,811402
1400000US17031811500,2020-05-31,0,71.7,0,63.1,17,31,811500
1400000US17031811600,2020-05-31,0.1,63.3,0.1,54.2,17,31,811600
1400000US17031811701,2020-05-31,0,53,0,44,17,31,811701
1400000US17031811702,2020-05-31,0.1,61.4,0,51.9,17,31,811702
1400000US17031811800,2020-05-31,0.2,71.7,0.1,58.3,17,31,811800
1400000US17031811900,2020-05-31,0.1,77.6,0,72.2,17,31,811900
1400000US17031812000,2020-05-31,0.1,80.8,0.1,76.5,17,31,812000
1400000US17031812100,2020-05-31,0.1,74.9,0,71.4,17,31,812100
1400000US17031812200,2020-05-31,0.1,84.2,0.1,79.8,17,31,812200
1400000US17031812301,2020-05-31,0.1,65.4,0,60.3,17,31,812301
1400000US17031812302,2020-05-31,0.1,71.2,0.1,66.2,17,31,812302
1400000US17031812400,2020-05-31,0.1,80.9,0,77.9,17,31,812400
1400000US17031812500,2020-05-31,0.1,64,0,56.9,17,31,812500
1400000US17031812600,2020-05-31,0.2,60.7,0.2,55.8,17,31,812600
1400000US17031812700,2020-05-31,0.1,67.1,0,62.6,17,31,812700
1400000US17031812801,2020-05-31,0.2,59.4,0,53.5,17,31,812801
1400000US17031812900,2020-05-31,0,66.5,0,62.6,17,31,812900
1400000US17031813000,2020-05-31,0.1,71.5,0,67.3,17,31,813000
1400000US17031813200,2020-05-31,0.1,73.9,0.1,68.8,17,31,813200
1400000US17031813302,2020-05-31,0,35.1,0,29.5,17,31,813302
1400000US17031813400,2020-05-31,0.1,44.9,0,28,17,31,813400
1400000US17031813600,2020-05-31,0,40.7,0,35.1,17,31,813600
1400000US17031813801,2020-05-31,0.1,40,0,25.4,17,31,813801
1400000US17031813802,2020-05-31,0.1,40.3,0,25.3,17,31,813802
1400000US17031814000,2020-05-31,0,49.4,0,40,17,31,814000
1400000US17031809500,2020-05-31,0.1,68.2,0,64.5,17,31,809500
1400000US17031814300,2020-05-31,0.3,50.8,0.1,27.8,17,31,814300
1400000US17031814400,2020-05-31,0.2,61.1,0.1,35.4,17,31,814400
1400000US17031010100,2020-05-31,0,51.3,0,44.8,17,31,10100
1400000US17031010201,2020-05-31,0.1,50.6,0,45.1,17,31,10201
1400000US17031010300,2020-05-31,0.1,57.8,0.1,52.2,17,31,10300
1400000US17031010400,2020-05-31,0,58.1,0,53.4,17,31,10400
1400000US17031010502,2020-05-31,0.1,56.8,0.1,53.6,17,31,10502
1400000US17031010503,2020-05-31,0,49.6,0,43.1,17,31,10503
1400000US17031010701,2020-05-31,0.1,59.2,0.1,54.1,17,31,10701
1400000US17031020100,2020-05-31,0.1,55.7,0,49,17,31,20100
1400000US17031020200,2020-05-31,0,69.6,0,63.2,17,31,20200
1400000US17031020302,2020-05-31,0.2,62.7,0.2,57.4,17,31,20302
1400000US17031020400,2020-05-31,0.1,62.3,0.1,55.4,17,31,20400
1400000US17031020601,2020-05-31,0.2,56.5,0.1,50.2,17,31,20601
1400000US17031020602,2020-05-31,0,52.5,0,47.6,17,31,20602
1400000US17031020701,2020-05-31,0,63.7,0,56,17,31,20701
1400000US17031020702,2020-05-31,0,56.1,0,49.7,17,31,20702
1400000US17031815100,2020-05-31,0,56,0,47.5,17,31,815100
1400000US17031814600,2020-05-31,0.1,56.2,0.1,48.5,17,31,814600
1400000US17031814800,2020-05-31,0,58,0,49.4,17,31,814800
1400000US17031814900,2020-05-31,0,44.7,0,39.2,17,31,814900
1400000US17031815200,2020-05-31,0,57.4,0,49.9,17,31,815200
1400000US17031815400,2020-05-31,0,62.3,0,52.6,17,31,815400
1400000US17031815500,2020-05-31,0.1,66.7,0.1,57.8,17,31,815500
1400000US17031815701,2020-05-31,0.1,78.8,0,71.7,17,31,815701
1400000US17031815702,2020-05-31,0,76.2,0,69.4,17,31,815702
1400000US17031815900,2020-05-31,0.1,66.3,0,57.5,17,31,815900
1400000US17031816100,2020-05-31,0,63.3,0,56.1,17,31,816100
1400000US17031816200,2020-05-31,0.1,70.1,0.1,59.2,17,31,816200
1400000US17031816401,2020-05-31,0.1,38.8,0,22.8,17,31,816401
1400000US17031816402,2020-05-31,0.3,47.7,0,26.9,17,31,816402
1400000US17031816600,2020-05-31,0.1,46.1,0.1,37.4,17,31,816600
1400000US17031816700,2020-05-31,0,66.9,0,32,17,31,816700
1400000US17031816900,2020-05-31,0,68.3,0,39,17,31,816900
1400000US17031817000,2020-05-31,0,63.2,0,34.1,17,31,817000
1400000US17031817102,2020-05-31,0.3,68.1,0.1,36.9,17,31,817102
1400000US17031817200,2020-05-31,0.2,51.2,0.1,32,17,31,817200
1400000US17031817400,2020-05-31,0,54.7,0,35.1,17,31,817400
1400000US17031817600,2020-05-31,0.1,57.4,0.1,35,17,31,817600
1400000US17031817700,2020-05-31,0,67.9,0,37.6,17,31,817700
1400000US17031818000,2020-05-31,0.1,71.3,0.1,59.1,17,31,818000
1400000US17031818100,2020-05-31,0.1,77.6,0.1,69.7,17,31,818100
1400000US17031818300,2020-05-31,0.1,69.5,0,59.5,17,31,818300
1400000US17031818401,2020-05-31,0.1,71.1,0,62.7,17,31,818401
1400000US17031818402,2020-05-31,0,74.4,0,65.2,17,31,818402
1400000US17031818500,2020-05-31,0.1,82.3,0,71.1,17,31,818500
1400000US17031818600,2020-05-31,0.1,76.2,0,67.7,17,31,818600
1400000US17031818700,2020-05-31,0.1,79.1,0.1,70.9,17,31,818700
1400000US17031818800,2020-05-31,0.1,80.3,0,72.9,17,31,818800
1400000US17031818900,2020-05-31,0.1,76.3,0,67.4,17,31,818900
1400000US17031819000,2020-05-31,0.1,78.4,0,72.2,17,31,819000
1400000US17031819100,2020-05-31,0,57.3,0,46.4,17,31,819100
1400000US17031819200,2020-05-31,0,63.4,0,53.5,17,31,819200
1400000US17031819300,2020-05-31,0.2,74.8,0.1,67.7,17,31,819300
1400000US17031819400,2020-05-31,0.1,69.1,0,62.2,17,31,819400
1400000US17031819500,2020-05-31,0,56.1,0,50.1,17,31,819500
1400000US17031819600,2020-05-31,0,83.3,0,79.7,17,31,819600
1400000US17031819802,2020-05-31,0,84.1,0,78,17,31,819802
1400000US17031819900,2020-05-31,0,85.2,0,79,17,31,819900
1400000US17031820000,2020-05-31,0.1,76,0,69.5,17,31,820000
1400000US17031820103,2020-05-31,0.1,70.9,0,62.5,17,31,820103
1400000US17031020801,2020-05-31,0,55,0,49.7,17,31,20801
1400000US17031020802,2020-05-31,0,51.8,0,47.6,17,31,20802
1400000US17031020901,2020-05-31,0,49.6,0,43.9,17,31,20901
1400000US17031020902,2020-05-31,0.2,57.5,0.2,48.8,17,31,20902
1400000US17031030101,2020-05-31,0,61.1,0,54.5,17,31,30101
1400000US17031030102,2020-05-31,0.1,61.3,0.1,54.7,17,31,30102
1400000US17031030103,2020-05-31,0,52.4,0,48.2,17,31,30103
1400000US17031030104,2020-05-31,0,52.1,0,45.1,17,31,30104
1400000US17031030200,2020-05-31,0.1,67,0.1,63,17,31,30200
1400000US17031030300,2020-05-31,0.2,60.3,0,52.2,17,31,30300
1400000US17031030400,2020-05-31,0.1,61.2,0,54,17,31,30400
1400000US17031030500,2020-05-31,0,64.6,0,61.5,17,31,30500
1400000US17031030601,2020-05-31,0,61.8,0,54.3,17,31,30601
1400000US17031030603,2020-05-31,0.1,54.2,0.1,50.6,17,31,30603
1400000US17031030604,2020-05-31,0.1,61.7,0,54.3,17,31,30604
1400000US17031030701,2020-05-31,0.1,56.8,0.1,51.8,17,31,30701
1400000US17031030702,2020-05-31,0,64.3,0,57,17,31,30702
1400000US17031030703,2020-05-31,0,63.5,0,56.3,17,31,30703
1400000US17031030800,2020-05-31,0,67.6,0,64.2,17,31,30800
1400000US17031030900,2020-05-31,0.1,63.7,0.1,59.7,17,31,30900
1400000US17031031100,2020-05-31,0.1,66.1,0.1,62.9,17,31,31100
1400000US17031031400,2020-05-31,0.1,69.4,0.1,64.6,17,31,31400
1400000US17031031501,2020-05-31,0.1,62.5,0.1,53.7,17,31,31501
1400000US17031031700,2020-05-31,0,60.9,0,56.8,17,31,31700
1400000US17031032100,2020-05-31,0.1,60.2,0,55.6,17,31,32100
1400000US17031040201,2020-05-31,0,64.1,0,59.5,17,31,40201
1400000US17031040202,2020-05-31,0,54.5,0,48.9,17,31,40202
1400000US17031040401,2020-05-31,0.1,66,0.1,62.1,17,31,40401
1400000US17031040402,2020-05-31,0,70.7,0,67.8,17,31,40402
1400000US17031040700,2020-05-31,0,63.1,0,59.7,17,31,40700
1400000US17031040800,2020-05-31,0,66.5,0,62.6,17,31,40800
1400000US17031050100,2020-05-31,0.1,65.8,0.1,61.6,17,31,50100
1400000US17031050300,2020-05-31,0.1,66,0.1,61.2,17,31,50300
1400000US17031050500,2020-05-31,0,67.4,0,64.4,17,31,50500
1400000US17031050700,2020-05-31,0,73.7,0,70.8,17,31,50700
1400000US17031050800,2020-05-31,0,62.1,0,58.6,17,31,50800
1400000US17031051000,2020-05-31,0,55.4,0,51.6,17,31,51000
1400000US17031051100,2020-05-31,0.1,56,0,53.5,17,31,51100
1400000US17031051300,2020-05-31,0,69.6,0,66.3,17,31,51300
1400000US17031051400,2020-05-31,0.1,51.7,0.1,49.2,17,31,51400
1400000US17031060200,2020-05-31,0.2,65.2,0.1,61.8,17,31,60200
1400000US17031060300,2020-05-31,0,62.9,0,60.4,17,31,60300
1400000US17031060500,2020-05-31,0,62,0,47.8,17,31,60500
1400000US17031060900,2020-05-31,0.1,68.2,0.1,63.8,17,31,60900
1400000US17031061000,2020-05-31,0.1,65.4,0.1,62.7,17,31,61000
1400000US17031820104,2020-05-31,0,73.8,0,63,17,31,820104
1400000US17031820203,2020-05-31,0.1,80.6,0.1,73.6,17,31,820203
1400000US17031820204,2020-05-31,0,71.6,0,61.4,17,31,820204
1400000US17031820400,2020-05-31,0.1,46.3,0,24.8,17,31,820400
1400000US17031820501,2020-05-31,0.1,68.3,0,58,17,31,820501
1400000US17031820603,2020-05-31,0.1,59.7,0.1,31.5,17,31,820603
1400000US17031820604,2020-05-31,0.1,55.2,0,46.2,17,31,820604
1400000US17031820606,2020-05-31,0,70.4,0,60.9,17,31,820606
1400000US17031820700,2020-05-31,0,70.6,0,59.2,17,31,820700
1400000US17031820901,2020-05-31,0,65.1,0,52.9,17,31,820901
1400000US17031821001,2020-05-31,0,65.4,0,55.4,17,31,821001
1400000US17031821002,2020-05-31,0,73.9,0,60.3,17,31,821002
1400000US17031821102,2020-05-31,0,71,0,58.6,17,31,821102
1400000US17031821200,2020-05-31,0,53.4,0,43.7,17,31,821200
1400000US17031821401,2020-05-31,0,55,0,29.9,17,31,821401
1400000US17031821402,2020-05-31,0,60.9,0,32.6,17,31,821402
1400000US17031821600,2020-05-31,0,69.1,0,60.6,17,31,821600
1400000US17031821700,2020-05-31,0.2,75.7,0.1,65.3,17,31,821700
1400000US17031821900,2020-05-31,0.1,78.9,0,67.7,17,31,821900
1400000US17031822101,2020-05-31,0,72.9,0,61.4,17,31,822101
1400000US17031822102,2020-05-31,0.1,67.2,0,55.4,17,31,822102
1400000US17031822301,2020-05-31,0.1,70.7,0,60.1,17,31,822301
1400000US17031822302,2020-05-31,0.1,67,0,56.5,17,31,822302
1400000US17031822500,2020-05-31,0.1,73.7,0.1,63.1,17,31,822500
1400000US17031822601,2020-05-31,0,79,0,69.6,17,31,822601
1400000US17031822701,2020-05-31,0.1,70.9,0,58.5,17,31,822701
1400000US17031822801,2020-05-31,0.1,72.6,0,61.6,17,31,822801
1400000US17031822802,2020-05-31,0.1,77.8,0,66.3,17,31,822802
1400000US17031823001,2020-05-31,0,61.6,0,51.5,17,31,823001
1400000US17031823002,2020-05-31,0,66.6,0,57.9,17,31,823002
1400000US17031823102,2020-05-31,0.1,68.7,0,55.6,17,31,823102
1400000US17031823200,2020-05-31,0.1,70.7,0,60.1,17,31,823200
1400000US17031823303,2020-05-31,0.2,72.8,0.1,62.9,17,31,823303
1400000US17031823304,2020-05-31,0.1,66.6,0,54.3,17,31,823304
1400000US17031823500,2020-05-31,0,57.3,0,32,17,31,823500
1400000US17031823603,2020-05-31,0,45.2,0,36.7,17,31,823603
1400000US17031823604,2020-05-31,0,83,0,74.1,17,31,823604
1400000US17031823702,2020-05-31,0.1,62.1,0.1,53.4,17,31,823702
1400000US17031823703,2020-05-31,0.1,60.7,0,50.5,17,31,823703
1400000US17031823704,2020-05-31,0,80,0,68.9,17,31,823704
1400000US17031823705,2020-05-31,0,67.8,0,57.9,17,31,823705
1400000US17031823801,2020-05-31,0.1,72.9,0,61.5,17,31,823801
1400000US17031823803,2020-05-31,0,74.4,0,62.7,17,31,823803
1400000US17031823805,2020-05-31,0.1,76,0,65.8,17,31,823805
1400000US17031061500,2020-05-31,0.2,64.9,0.1,63,17,31,61500
1400000US17031061901,2020-05-31,0.1,67.6,0,63.9,17,31,61901
1400000US17031061902,2020-05-31,0.1,66.9,0.1,62.8,17,31,61902
1400000US17031062100,2020-05-31,0.1,58.7,0.1,56.3,17,31,62100
1400000US17031062200,2020-05-31,0,65.4,0,63.7,17,31,62200
1400000US17031062400,2020-05-31,0,59.1,0,54.6,17,31,62400
1400000US17031062600,2020-05-31,0.1,66.4,0.1,65,17,31,62600
1400000US17031062700,2020-05-31,0,57.4,0,53.3,17,31,62700
1400000US17031062900,2020-05-31,0,62.7,0,61.2,17,31,62900
1400000US17031063000,2020-05-31,0,62.8,0,61.7,17,31,63000
1400000US17031063200,2020-05-31,0.1,65,0.1,61,17,31,63200
1400000US17031063301,2020-05-31,0,65,0,59.6,17,31,63301
1400000US17031063302,2020-05-31,0.1,61.8,0.1,59.4,17,31,63302
1400000US17031063303,2020-05-31,0.3,63.6,0.3,53.8,17,31,63303
1400000US17031063400,2020-05-31,0.3,65.3,0.2,62.4,17,31,63400
1400000US17031070101,2020-05-31,0.1,61.9,0.1,57.2,17,31,70101
1400000US17031070102,2020-05-31,0.1,61.8,0.1,59.1,17,31,70102
1400000US17031070103,2020-05-31,0,63.6,0,61.2,17,31,70103
1400000US17031070200,2020-05-31,0,57.9,0,55.4,17,31,70200
1400000US17031070300,2020-05-31,0,56.7,0,55.3,17,31,70300
1400000US17031070400,2020-05-31,0.2,61.5,0,53.8,17,31,70400
1400000US17031070500,2020-05-31,0.1,63.6,0,59.4,17,31,70500
1400000US17031070600,2020-05-31,0.1,63.5,0.1,61.6,17,31,70600
1400000US17031070700,2020-05-31,0,48.1,0,44.8,17,31,70700
1400000US17031071000,2020-05-31,0.1,55.3,0.1,53.2,17,31,71000
1400000US17031071100,2020-05-31,0,55.5,0,53.2,17,31,71100
1400000US17031071200,2020-05-31,0.1,58.9,0,55.8,17,31,71200
1400000US17031071300,2020-05-31,0.1,59.7,0,57.5,17,31,71300
1400000US17031071500,2020-05-31,0.1,56.7,0,54.4,17,31,71500
1400000US17031071600,2020-05-31,0.2,63.1,0.1,57.3,17,31,71600
1400000US17031080100,2020-05-31,0,57.2,0,53.5,17,31,80100
1400000US17031080201,2020-05-31,0,62.9,0,57.8,17,31,80201
1400000US17031080300,2020-05-31,0,50.3,0,47.8,17,31,80300
1400000US17031080400,2020-05-31,0,55.9,0,49.3,17,31,80400
1400000US17031081100,2020-05-31,0.1,48.4,0.1,43.6,17,31,81100
1400000US17031081202,2020-05-31,0.2,56.4,0.1,51.3,17,31,81202
1400000US17031081300,2020-05-31,0.1,44.1,0.1,40.1,17,31,81300
1400000US17031081402,2020-05-31,0.1,48.4,0.1,46.3,17,31,81402
1400000US17031081403,2020-05-31,0.1,53.9,0.1,51.7,17,31,81403
1400000US17031081600,2020-05-31,0,54.7,0,52.5,17,31,81600
1400000US17031081700,2020-05-31,0.1,50.3,0.1,48.6,17,31,81700
1400000US17031081900,2020-05-31,0.1,34.8,0.1,32,17,31,81900
1400000US17031090100,2020-05-31,0,76,0,67.1,17,31,90100
1400000US17031061200,2020-05-31,0.1,60.7,0.1,58.9,17,31,61200
1400000US17031090300,2020-05-31,0,73.1,0,64.8,17,31,90300
1400000US17031100100,2020-05-31,0,64.7,0,57,17,31,100100
1400000US17031823904,2020-05-31,0,82,0,71.4,17,31,823904
1400000US17031823806,2020-05-31,0,61.4,0,50.7,17,31,823806
1400000US17031823901,2020-05-31,0,77.2,0,68.5,17,31,823901
1400000US17031823903,2020-05-31,0,76.7,0,69.9,17,31,823903
1400000US17031824003,2020-05-31,0.1,81.3,0,74,17,31,824003
1400000US17031824004,2020-05-31,0.7,73.5,0,62.1,17,31,824004
1400000US17031824005,2020-05-31,0,78.6,0,71.3,17,31,824005
1400000US17031824006,2020-05-31,0,77.1,0,71.5,17,31,824006
1400000US17031824105,2020-05-31,0.1,78.9,0,71,17,31,824105
1400000US17031824106,2020-05-31,0,79,0,70.7,17,31,824106
1400000US17031824107,2020-05-31,0,78.5,0,67.5,17,31,824107
1400000US17031824113,2020-05-31,0,82.3,0,74,17,31,824113
1400000US17031824114,2020-05-31,0,74.6,0,68.8,17,31,824114
1400000US17031824115,2020-05-31,0,75.8,0,65.2,17,31,824115
1400000US17031824119,2020-05-31,0,82.4,0,74.6,17,31,824119
1400000US17031824121,2020-05-31,0,80.7,0,72.5,17,31,824121
1400000US17031824123,2020-05-31,0.1,75.8,0,67.4,17,31,824123
1400000US17031824124,2020-05-31,0,72.5,0,65.3,17,31,824124
1400000US17031824126,2020-05-31,0.1,84.7,0,78.3,17,31,824126
1400000US17031824128,2020-05-31,0.2,84.4,0.1,74.8,17,31,824128
1400000US17031824129,2020-05-31,0,83.7,0,74.1,17,31,824129
1400000US17031824400,2020-05-31,0.1,56.6,0,28.4,17,31,824400
1400000US17031824503,2020-05-31,0,76.2,0,64.1,17,31,824503
1400000US17031824507,2020-05-31,0,73.8,0,60.5,17,31,824507
1400000US17031824508,2020-05-31,0,72.1,0,61.6,17,31,824508
1400000US17031824601,2020-05-31,0.1,74.5,0.1,65.2,17,31,824601
1400000US17031824602,2020-05-31,0.1,73.5,0,62.8,17,31,824602
1400000US17031824702,2020-05-31,0.1,66.3,0,55.3,17,31,824702
1400000US17031824800,2020-05-31,0.2,55.2,0.2,46.6,17,31,824800
1400000US17031825000,2020-05-31,0,63.1,0,55.4,17,31,825000
1400000US17031825302,2020-05-31,0,72,0,64.9,17,31,825302
1400000US17031825303,2020-05-31,0.1,69.9,0,59.7,17,31,825303
1400000US17031825501,2020-05-31,0.1,63.1,0,32.7,17,31,825501
1400000US17031825505,2020-05-31,0.1,68.2,0,59.3,17,31,825505
1400000US17031825700,2020-05-31,0.1,56.9,0,29.9,17,31,825700
1400000US17031825801,2020-05-31,0.1,49.1,0,29.9,17,31,825801
1400000US17031825803,2020-05-31,0.1,65.2,0,35.4,17,31,825803
1400000US17031826000,2020-05-31,0,36.1,0,30.2,17,31,826000
1400000US17031826100,2020-05-31,0.1,52,0.1,29.4,17,31,826100
1400000US17031826202,2020-05-31,0.1,62.1,0,53.4,17,31,826202
1400000US17031826301,2020-05-31,0.1,62.3,0,35,17,31,826301
1400000US17031826304,2020-05-31,0.1,55.3,0,31,17,31,826304
1400000US17031826401,2020-05-31,0,59.3,0,33.2,17,31,826401
1400000US17031826500,2020-05-31,0.1,57.2,0,31.3,17,31,826500
1400000US17031100300,2020-05-31,0.2,69,0.1,57.8,17,31,100300
1400000US17031100400,2020-05-31,0,79.9,0,72,17,31,100400
1400000US17031100600,2020-05-31,0,72.4,0,63.5,17,31,100600
1400000US17031110100,2020-05-31,0.1,67.2,0,59.5,17,31,110100
1400000US17031110200,2020-05-31,0,62.9,0,54.3,17,31,110200
1400000US17031110400,2020-05-31,0,61.4,0,53.3,17,31,110400
1400000US17031110501,2020-05-31,0.1,67.3,0,59.4,17,31,110501
1400000US17031120100,2020-05-31,0,78.5,0,71.8,17,31,120100
1400000US17031120200,2020-05-31,0,76.6,0,68.4,17,31,120200
1400000US17031120400,2020-05-31,0.1,68.8,0.1,62.6,17,31,120400
1400000US17031130100,2020-05-31,0.2,68,0,55.4,17,31,130100
1400000US17031130300,2020-05-31,0.1,56.2,0,50.6,17,31,130300
1400000US17031140100,2020-05-31,0,55.4,0,49.4,17,31,140100
1400000US17031140301,2020-05-31,0,43.9,0,38.9,17,31,140301
1400000US17031140400,2020-05-31,0.1,63.9,0,55.2,17,31,140400
1400000US17031140500,2020-05-31,0.1,50.6,0.1,43.6,17,31,140500
1400000US17031140602,2020-05-31,0.1,49.3,0.1,43.5,17,31,140602
1400000US17031140701,2020-05-31,0.1,52.2,0.1,47.4,17,31,140701
1400000US17031140800,2020-05-31,0.1,62.7,0,57.9,17,31,140800
1400000US17031150200,2020-05-31,0.1,56.3,0,50.1,17,31,150200
1400000US17031150401,2020-05-31,0,60.2,0,52.6,17,31,150401
1400000US17031150402,2020-05-31,0.1,61.7,0,54.9,17,31,150402
1400000US17031150502,2020-05-31,0,59,0,51.8,17,31,150502
1400000US17031150600,2020-05-31,0,59.4,0,52.6,17,31,150600
1400000US17031150800,2020-05-31,0.1,56.3,0.1,49.4,17,31,150800
1400000US17031151001,2020-05-31,0.1,48.4,0,41.5,17,31,151001
1400000US17031151002,2020-05-31,0.2,47,0.1,31,17,31,151002
1400000US17031151100,2020-05-31,0,48.8,0,43,17,31,151100
1400000US17031151200,2020-05-31,0,61.8,0,53,17,31,151200
1400000US17031160100,2020-05-31,0,58.2,0,52.9,17,31,160100
1400000US17031160200,2020-05-31,0,62.8,0,56.3,17,31,160200
1400000US17031160300,2020-05-31,0,56.7,0,49,17,31,160300
1400000US17031160400,2020-05-31,0.1,58.8,0,53.9,17,31,160400
1400000US17031160501,2020-05-31,0.1,51.8,0.1,47.2,17,31,160501
1400000US17031160502,2020-05-31,0.2,53.1,0.1,47,17,31,160502
1400000US17031160601,2020-05-31,0,59.7,0,55.1,17,31,160601
1400000US17031160602,2020-05-31,0.1,57.1,0.1,52.2,17,31,160602
1400000US17031160700,2020-05-31,0.2,55,0,48,17,31,160700
1400000US17031160800,2020-05-31,0,54,0,48.8,17,31,160800
1400000US17031160900,2020-05-31,0.1,65.6,0.1,59.6,17,31,160900
1400000US17031161000,2020-05-31,0,61.6,0,54.9,17,31,161000
1400000US17031161100,2020-05-31,0.2,70,0.2,65.9,17,31,161100
1400000US17031161200,2020-05-31,0,52,0,45,17,31,161200
1400000US17031161300,2020-05-31,0.1,47.3,0,40.7,17,31,161300
1400000US17031826600,2020-05-31,0,51.4,0,43.5,17,31,826600
1400000US17031826800,2020-05-31,0.1,38.5,0.1,20.9,17,31,826800
1400000US17031826901,2020-05-31,0.1,33.3,0.1,19.4,17,31,826901
1400000US17031827000,2020-05-31,0.1,43.3,0,22.4,17,31,827000
1400000US17031827100,2020-05-31,0,39.9,0,32.5,17,31,827100
1400000US17031827300,2020-05-31,0,33.2,0,16.3,17,31,827300
1400000US17031827500,2020-05-31,0.1,44.1,0.1,25.1,17,31,827500
1400000US17031827600,2020-05-31,0.2,55.4,0.1,30.1,17,31,827600
1400000US17031827700,2020-05-31,0.8,53.2,0.6,31.1,17,31,827700
1400000US17031827801,2020-05-31,0.1,71.1,0.1,40.6,17,31,827801
1400000US17031827802,2020-05-31,0.1,71.1,0,63.7,17,31,827802
1400000US17031827804,2020-05-31,0.1,74.4,0,65.1,17,31,827804
1400000US17031827805,2020-05-31,0,74.3,0,40.6,17,31,827805
1400000US17031827901,2020-05-31,0.2,78.7,0.1,69.5,17,31,827901
1400000US17031827902,2020-05-31,0,64.6,0,55.9,17,31,827902
1400000US17031828000,2020-05-31,0,69.2,0,60,17,31,828000
1400000US17031828100,2020-05-31,0.1,70.9,0.1,62.2,17,31,828100
1400000US17031828201,2020-05-31,0,65.9,0,57.7,17,31,828201
1400000US17031828202,2020-05-31,0.1,68.1,0,58.8,17,31,828202
1400000US17031828300,2020-05-31,0.1,72.3,0,61.6,17,31,828300
1400000US17031828401,2020-05-31,0.2,74.5,0.1,67.9,17,31,828401
1400000US17031828402,2020-05-31,0.1,67.5,0,55.2,17,31,828402
1400000US17031828503,2020-05-31,0,54.7,0,31.9,17,31,828503
1400000US17031828504,2020-05-31,0.2,57.6,0.1,48.9,17,31,828504
1400000US17031828505,2020-05-31,0,74.7,0,66.1,17,31,828505
1400000US17031828507,2020-05-31,0.1,66,0.1,56.7,17,31,828507
1400000US17031828508,2020-05-31,0,60.7,0,49.2,17,31,828508
1400000US17031828602,2020-05-31,0,79.3,0,72.6,17,31,828602
1400000US17031828701,2020-05-31,0.1,65.7,0,57.5,17,31,828701
1400000US17031828801,2020-05-31,0.1,75.5,0.1,67.5,17,31,828801
1400000US17031828802,2020-05-31,0,72.2,0,62.7,17,31,828802
1400000US17031829000,2020-05-31,0,31.7,0,17.4,17,31,829000
1400000US17031829100,2020-05-31,0,37.5,0,19.1,17,31,829100
1400000US17031829301,2020-05-31,0,70.6,0,61.6,17,31,829301
1400000US17031829401,2020-05-31,0,42.3,0,23.1,17,31,829401
1400000US17031829402,2020-05-31,0.1,67.9,0.1,56.2,17,31,829402
1400000US17031829600,2020-05-31,0.1,65.3,0,53.3,17,31,829600
1400000US17031829700,2020-05-31,0,48.9,0,24.8,17,31,829700
1400000US17031829902,2020-05-31,0.1,70,0.1,62.4,17,31,829902
1400000US17031830001,2020-05-31,0.1,69.2,0.1,25.2,17,31,830001
1400000US17031830003,2020-05-31,0.1,72.8,0.1,66.2,17,31,830003
1400000US17031830005,2020-05-31,0.1,70.6,0.1,59,17,31,830005
1400000US17031830007,2020-05-31,0.1,60.9,0.1,52.6,17,31,830007
1400000US17031830201,2020-05-31,0,57.1,0,49.1,17,31,830201
1400000US17031170100,2020-05-31,0.1,74,0.1,32.1,17,31,170100
1400000US17031170300,2020-05-31,0,64.2,0,56.1,17,31,170300
1400000US17031170400,2020-05-31,0.1,68,0.1,58.3,17,31,170400
1400000US17031170600,2020-05-31,0,73,0,60.2,17,31,170600
1400000US17031170700,2020-05-31,0,64.5,0,52.2,17,31,170700
1400000US17031170900,2020-05-31,0,62.4,0,53.2,17,31,170900
1400000US17031171000,2020-05-31,0,64.2,0,56.5,17,31,171000
1400000US17031190300,2020-05-31,0.1,47.5,0.1,40,17,31,190300
1400000US17031190402,2020-05-31,0,51.6,0,44.3,17,31,190402
1400000US17031190601,2020-05-31,0,47.9,0,39.5,17,31,190601
1400000US17031190701,2020-05-31,0,40.4,0,32.9,17,31,190701
1400000US17031190702,2020-05-31,0.1,38.6,0,33.2,17,31,190702
1400000US17031190900,2020-05-31,0,48.3,0,24.9,17,31,190900
1400000US17031191000,2020-05-31,0.1,50.2,0.1,42.5,17,31,191000
1400000US17031191200,2020-05-31,0,34.6,0,29.5,17,31,191200
1400000US17031191301,2020-05-31,0,44.7,0,36.8,17,31,191301
1400000US17031200100,2020-05-31,0.1,53.5,0.1,46.3,17,31,200100
1400000US17031200200,2020-05-31,0.1,43.3,0.1,36.6,17,31,200200
1400000US17031200401,2020-05-31,0,43.5,0,37.8,17,31,200401
1400000US17031210100,2020-05-31,0,55.9,0,53.1,17,31,210100
1400000US17031210400,2020-05-31,0,45.5,0,40.8,17,31,210400
1400000US17031210502,2020-05-31,0,43.5,0,38.7,17,31,210502
1400000US17031210601,2020-05-31,0.2,49,0.1,44.8,17,31,210601
1400000US17031210700,2020-05-31,0,54.8,0,50,17,31,210700
1400000US17031210800,2020-05-31,0,50.9,0,45.8,17,31,210800
1400000US17031220300,2020-05-31,0,58.4,0,55.7,17,31,220300
1400000US17031220400,2020-05-31,0.1,61.6,0,56.6,17,31,220400
1400000US17031220601,2020-05-31,0,58.6,0,54.5,17,31,220601
1400000US17031220602,2020-05-31,0.1,57.4,0.1,53.6,17,31,220602
1400000US17031220702,2020-05-31,0.1,48.8,0.1,44.4,17,31,220702
1400000US17031220901,2020-05-31,0.1,48.2,0.1,41.2,17,31,220901
1400000US17031221000,2020-05-31,0.1,45.1,0,41,17,31,221000
1400000US17031221100,2020-05-31,0,54.4,0,49.6,17,31,221100
1400000US17031221300,2020-05-31,0,55.7,0,52.9,17,31,221300
1400000US17031221500,2020-05-31,0.2,57.4,0,48.6,17,31,221500
1400000US17031221600,2020-05-31,0.1,59.4,0.1,56.6,17,31,221600
1400000US17031222500,2020-05-31,0,53.2,0,49.3,17,31,222500
1400000US17031222600,2020-05-31,0.1,50.9,0.1,48,17,31,222600
1400000US17031222800,2020-05-31,0,43.1,0,39.4,17,31,222800
1400000US17031222900,2020-05-31,0.6,41.9,0,28.1,17,31,222900
1400000US17031230100,2020-05-31,0,53.8,0,48.9,17,31,230100
1400000US17031230200,2020-05-31,0,44.9,0,40.8,17,31,230200
1400000US17031230300,2020-05-31,0,42.7,0,38.7,17,31,230300
1400000US17031230400,2020-05-31,0,43.5,0,27.9,17,31,230400
1400000US17031830700,2020-05-31,0.1,53.4,0,49.3,17,31,830700
1400000US17031830202,2020-05-31,0.1,63.5,0,57.5,17,31,830202
1400000US17031830400,2020-05-31,0.2,61.3,0.1,52.7,17,31,830400
1400000US17031830500,2020-05-31,0,45.9,0,39.6,17,31,830500
1400000US17031830800,2020-05-31,0,68.6,0,66.5,17,31,830800
1400000US17031831000,2020-05-31,0.1,58.8,0.1,57,17,31,831000
1400000US17031831200,2020-05-31,0,42.1,0,26.2,17,31,831200
1400000US17031831300,2020-05-31,0.2,43.9,0.2,25.8,17,31,831300
1400000US17031831500,2020-05-31,0.1,53.3,0.1,47.1,17,31,831500
1400000US17031831600,2020-05-31,0.1,54.4,0,27.3,17,31,831600
1400000US17031831800,2020-05-31,0,56.8,0,50.5,17,31,831800
1400000US17031831900,2020-05-31,0.1,62,0.1,60.1,17,31,831900
1400000US17031832100,2020-05-31,0,54.2,0,51.9,17,31,832100
1400000US17031832200,2020-05-31,0.1,56.2,0.1,54,17,31,832200
1400000US17031832400,2020-05-31,0.1,57.3,0,54.9,17,31,832400
1400000US17031832500,2020-05-31,0,58.9,0,52.9,17,31,832500
1400000US17031832900,2020-05-31,0,43.5,0,41.2,17,31,832900
1400000US17031833100,2020-05-31,0.1,58.8,0,56.1,17,31,833100
1400000US17031833300,2020-05-31,0.1,46,0.1,43.7,17,31,833300
1400000US17031834000,2020-05-31,0,52.7,0,30.2,17,31,834000
1400000US17031834200,2020-05-31,0.1,43.7,0,25.3,17,31,834200
1400000US17031834300,2020-05-31,0.2,62.3,0.1,33.4,17,31,834300
1400000US17031834400,2020-05-31,0,44,0,38.3,17,31,834400
1400000US17031834500,2020-05-31,0,39.6,0,28,17,31,834500
1400000US17031834600,2020-05-31,0.1,35.4,0,19.4,17,31,834600
1400000US17031834700,2020-05-31,0.2,29.4,0.1,18.5,17,31,834700
1400000US17031834800,2020-05-31,0,35.1,0,16.7,17,31,834800
1400000US17031230500,2020-05-31,0.1,39.8,0,34,17,31,230500
1400000US17031230600,2020-05-31,0.1,34.4,0,21.2,17,31,230600
1400000US17031230700,2020-05-31,0,37.9,0,22.8,17,31,230700
1400000US17031230800,2020-05-31,0.5,50.5,0.5,42,17,31,230800
1400000US17031230900,2020-05-31,0.1,46.7,0,40.7,17,31,230900
1400000US17031231100,2020-05-31,0,38.1,0,20.5,17,31,231100
1400000US17031231200,2020-05-31,0.2,33.6,0,20.7,17,31,231200
1400000US17031231500,2020-05-31,0,37.6,0,22.4,17,31,231500
1400000US17031240200,2020-05-31,0,64.1,0,57.7,17,31,240200
1400000US17031240300,2020-05-31,0,59.1,0,56.5,17,31,240300
1400000US17031240500,2020-05-31,0,65.5,0,64.2,17,31,240500
1400000US17031240600,2020-05-31,0,58.8,0,56.4,17,31,240600
1400000US17031240700,2020-05-31,0.1,53.5,0,46.8,17,31,240700
1400000US17031240800,2020-05-31,0.2,46.2,0.2,43,17,31,240800
1400000US17031240900,2020-05-31,0,47.8,0,45.3,17,31,240900
1400000US17031241100,2020-05-31,0.1,47.1,0.1,44.3,17,31,241100
1400000US17031241200,2020-05-31,0,55.2,0,49.2,17,31,241200
1400000US17031241400,2020-05-31,0.1,54,0,50.4,17,31,241400
1400000US17031242000,2020-05-31,0,55.3,0,49.3,17,31,242000
1400000US17031242300,2020-05-31,0,55.4,0,52.5,17,31,242300
1400000US17031242500,2020-05-31,0,50.5,0,46.9,17,31,242500
1400000US17031242600,2020-05-31,0.1,49.2,0,45.2,17,31,242600
1400000US17031242800,2020-05-31,0,53.7,0,49.3,17,31,242800
1400000US17031242900,2020-05-31,0.2,56.2,0.2,53,17,31,242900
1400000US17031243100,2020-05-31,0.1,51.7,0.1,49.5,17,31,243100
1400000US17031243200,2020-05-31,0,45.8,0,43.4,17,31,243200
1400000US17031243400,2020-05-31,0.1,51.4,0.1,48.6,17,31,243400
1400000US17031250200,2020-05-31,0.1,51.4,0,29.3,17,31,250200
1400000US17031250300,2020-05-31,0.1,45.1,0.1,27.8,17,31,250300
1400000US17031250500,2020-05-31,0.1,69.1,0,60,17,31,250500
1400000US17031250600,2020-05-31,0.1,54.3,0,31.2,17,31,250600
1400000US17031250800,2020-05-31,0,47.7,0,27.5,17,31,250800
1400000US17031251000,2020-05-31,0,39,0,24.7,17,31,251000
1400000US17031251200,2020-05-31,0.1,52.4,0.1,29.5,17,31,251200
1400000US17031251300,2020-05-31,0,47.1,0,27.2,17,31,251300
1400000US17031251500,2020-05-31,0,44.4,0,27.2,17,31,251500
1400000US17031251600,2020-05-31,0.1,43.2,0.1,25.5,17,31,251600
1400000US17031251800,2020-05-31,0,36.9,0,22.9,17,31,251800
1400000US17031252000,2020-05-31,0.1,45.7,0,24.5,17,31,252000
1400000US17031252101,2020-05-31,0,42.5,0,24.9,17,31,252101
1400000US17031252201,2020-05-31,0.2,49.7,0,29.4,17,31,252201
1400000US17031252202,2020-05-31,0.1,44.7,0,29.1,17,31,252202
1400000US17031260200,2020-05-31,0.2,29.6,0,17.3,17,31,260200
1400000US17031260300,2020-05-31,0.1,39.2,0.1,32,17,31,260300
1400000US17031260500,2020-05-31,0,34.8,0,24.9,17,31,260500
1400000US17031260600,2020-05-31,0,32.5,0,20.3,17,31,260600
1400000US17031260800,2020-05-31,0,37.6,0,23.7,17,31,260800
1400000US17031261000,2020-05-31,0.1,36.2,0.1,30.5,17,31,261000
1400000US17031270500,2020-05-31,0.1,43.6,0,23.9,17,31,270500
1400000US17031271300,2020-05-31,0,34.6,0,31.3,17,31,271300
1400000US17031271400,2020-05-31,0,39.7,0,34.1,17,31,271400
1400000US17031271800,2020-05-31,0,35.5,0,33.1,17,31,271800
1400000US17031280100,2020-05-31,0.1,62.2,0.1,60.6,17,31,280100
1400000US17031280800,2020-05-31,0.2,44.2,0,34.2,17,31,280800
1400000US17031280900,2020-05-31,0,50.2,0,35.4,17,31,280900
1400000US17031281900,2020-05-31,0.1,53.5,0.1,52.1,17,31,281900
1400000US17031282700,2020-05-31,0,47.7,0,44.2,17,31,282700
1400000US17031282800,2020-05-31,0,47.3,0,44.5,17,31,282800
1400000US17031283100,2020-05-31,0.1,51.3,0.1,46.8,17,31,283100
1400000US17031283200,2020-05-31,0,63.6,0,58.1,17,31,283200
1400000US17031283800,2020-05-31,0,60.9,0,54.4,17,31,283800
1400000US17031290900,2020-05-31,0.1,35.3,0,23.5,17,31,290900
1400000US17031291200,2020-05-31,0.1,35.6,0.1,30.4,17,31,291200
1400000US17031291600,2020-05-31,0,40.2,0,37.5,17,31,291600
1400000US17031292200,2020-05-31,0,38.8,0,26.1,17,31,292200
1400000US17031292400,2020-05-31,0.1,33.9,0,21.9,17,31,292400
1400000US17031292500,2020-05-31,0,44.9,0,26,17,31,292500
1400000US17031300500,2020-05-31,0,30.3,0,26.5,17,31,300500
1400000US17031300600,2020-05-31,0.1,35.1,0.1,29.6,17,31,300600
1400000US17031300800,2020-05-31,0,25.6,0,21.4,17,31,300800
1400000US17031301100,2020-05-31,0,27.4,0,24.1,17,31,301100
1400000US17031301200,2020-05-31,0,31.4,0,20.1,17,31,301200
1400000US17031301600,2020-05-31,0.1,35.3,0,21.8,17,31,301600
1400000US17031301702,2020-05-31,0.2,38.5,0.2,32,17,31,301702
1400000US17031301801,2020-05-31,0.1,37.9,0.1,31.6,17,31,301801
1400000US17031301803,2020-05-31,0,37.7,0,31.9,17,31,301803
1400000US17031310200,2020-05-31,0,42.1,0,40.1,17,31,310200
1400000US17031310400,2020-05-31,0.1,43.5,0.1,40.6,17,31,310400
1400000US17031310500,2020-05-31,0,33.3,0,30.6,17,31,310500
1400000US17031310700,2020-05-31,0.1,34.8,0.1,31.5,17,31,310700
1400000US17031310900,2020-05-31,0,37.5,0,33.8,17,31,310900
1400000US17031320101,2020-05-31,0.1,51.3,0.1,48.5,17,31,320101
1400000US17031320400,2020-05-31,0.1,42.2,0,39.5,17,31,320400
1400000US17031320600,2020-05-31,0,49.9,0,47.4,17,31,320600
1400000US17031330102,2020-05-31,0.1,53.2,0,49.7,17,31,330102
1400000US17031330103,2020-05-31,0.1,59,0,56.1,17,31,330103
1400000US17031340300,2020-05-31,0.1,59.3,0.1,36.3,17,31,340300
1400000US17031340400,2020-05-31,0,43.3,0,39.4,17,31,340400
1400000US17031340600,2020-05-31,0,60.6,0,23.7,17,31,340600
1400000US17031350100,2020-05-31,0,45.7,0,41.8,17,31,350100
1400000US17031351000,2020-05-31,0,51.5,0,45,17,31,351000
1400000US17031351400,2020-05-31,0,47.8,0,22.5,17,31,351400
1400000US17031351500,2020-05-31,0,56.9,0,50.7,17,31,351500
1400000US17031380100,2020-05-31,0,52.2,0,29,17,31,380100
1400000US17031380200,2020-05-31,0.1,60.7,0,23.3,17,31,380200
1400000US17031381200,2020-05-31,0,44.3,0,37.2,17,31,381200
1400000US17031381400,2020-05-31,0.2,41.4,0.2,37,17,31,381400
1400000US17031381800,2020-05-31,0.1,38,0,32.1,17,31,381800
1400000US17031390100,2020-05-31,0,57.7,0,54,17,31,390100
1400000US17031390200,2020-05-31,0,53.3,0,49.7,17,31,390200
1400000US17031390400,2020-05-31,0.1,45.7,0,23.7,17,31,390400
1400000US17031390600,2020-05-31,0,61,0,53.8,17,31,390600
1400000US17031390700,2020-05-31,0.1,41.6,0,36.5,17,31,390700
1400000US17031400400,2020-05-31,0,40.2,0,34.9,17,31,400400
1400000US17031400500,2020-05-31,0.1,37.8,0.1,32.3,17,31,400500
1400000US17031410100,2020-05-31,0.1,46,0.1,42.2,17,31,410100
1400000US17031410200,2020-05-31,0.2,54.1,0.1,51.5,17,31,410200
1400000US17031410600,2020-05-31,0.2,55.6,0.2,51.4,17,31,410600
1400000US17031410700,2020-05-31,0,54.6,0,52,17,31,410700
1400000US17031410900,2020-05-31,0.1,57.4,0.1,53.3,17,31,410900
1400000US17031411000,2020-05-31,0,49.4,0,45.2,17,31,411000
1400000US17031411200,2020-05-31,0.1,62.9,0.1,59.7,17,31,411200
1400000US17031420100,2020-05-31,0,60.6,0,29.6,17,31,420100
1400000US17031420200,2020-05-31,0,49.1,0,41.8,17,31,420200
1400000US17031420300,2020-05-31,0,49.4,0,44.3,17,31,420300
1400000US17031420400,2020-05-31,0,54.2,0,43.7,17,31,420400
1400000US17031420500,2020-05-31,0,39.5,0,21.9,17,31,420500
1400000US17031420600,2020-05-31,0.1,32.9,0.1,21.2,17,31,420600
1400000US17031420700,2020-05-31,0.1,29.2,0,16.8,17,31,420700
1400000US17031420800,2020-05-31,0,39.8,0,33.5,17,31,420800
1400000US17031421200,2020-05-31,0,41.5,0,18.7,17,31,421200
1400000US17031430101,2020-05-31,0.1,43.5,0.1,28.4,17,31,430101
1400000US17031430102,2020-05-31,0.1,49.1,0,26.9,17,31,430102
1400000US17031430200,2020-05-31,0.1,46.3,0,26.4,17,31,430200
1400000US17031430300,2020-05-31,0,36.2,0,24.1,17,31,430300
1400000US17031430400,2020-05-31,0.2,38.8,0,31.9,17,31,430400
1400000US17031430500,2020-05-31,0,42.3,0,24.9,17,31,430500
1400000US17031430600,2020-05-31,0.2,48.6,0,40.1,17,31,430600
1400000US17031430700,2020-05-31,0.1,40.1,0.1,25.6,17,31,430700
1400000US17031430800,2020-05-31,0.1,49.9,0,31.5,17,31,430800
1400000US17031430900,2020-05-31,0.1,46.8,0.1,24.4,17,31,430900
1400000US17031431200,2020-05-31,0.1,53.2,0.1,46.2,17,31,431200
1400000US17031431302,2020-05-31,0.1,36.3,0,22.7,17,31,431302
1400000US17031440102,2020-05-31,0,44.8,0,25.3,17,31,440102
1400000US17031440201,2020-05-31,0.2,42.3,0.1,23.9,17,31,440201
1400000US17031440300,2020-05-31,0.2,59.2,0.1,32.9,17,31,440300
1400000US17031440600,2020-05-31,0,70.4,0,60.4,17,31,440600
1400000US17031440800,2020-05-31,0.1,42.9,0,25.8,17,31,440800
1400000US17031450300,2020-05-31,0.2,57.3,0,30.4,17,31,450300
1400000US17031460100,2020-05-31,0,33.4,0,18.4,17,31,460100
1400000US17031460301,2020-05-31,0.1,33,0.1,18.6,17,31,460301
1400000US17031460302,2020-05-31,0,35.9,0,21,17,31,460302
1400000US17031460500,2020-05-31,0.3,54.7,0.1,29,17,31,460500
1400000US17031460800,2020-05-31,0.1,31.2,0,19.8,17,31,460800
1400000US17031470100,2020-05-31,0.1,51.3,0,26,17,31,470100
1400000US17031480100,2020-05-31,0,68.9,0,36.6,17,31,480100
1400000US17031480300,2020-05-31,0.3,58.8,0.2,34.1,17,31,480300
1400000US17031480500,2020-05-31,0.1,59.5,0.1,49.1,17,31,480500
1400000US17031490200,2020-05-31,0.1,62.4,0.1,33.5,17,31,490200
1400000US17031490600,2020-05-31,0.2,60.6,0.2,33.6,17,31,490600
1400000US17031490700,2020-05-31,0,55.8,0,29.6,17,31,490700
1400000US17031490901,2020-05-31,0,44.2,0,23.6,17,31,490901
1400000US17031490902,2020-05-31,0.1,55.1,0,29.3,17,31,490902
1400000US17031491100,2020-05-31,0,65.1,0,33.3,17,31,491100
1400000US17031491200,2020-05-31,0,58.5,0,32.2,17,31,491200
1400000US17031491400,2020-05-31,0,36.8,0,21.1,17,31,491400
1400000US17031500200,2020-05-31,0,41.4,0,24.9,17,31,500200
1400000US17031500300,2020-05-31,0,51.3,0,45,17,31,500300
1400000US17031520200,2020-05-31,0.1,36.4,0.1,19.6,17,31,520200
1400000US17031520300,2020-05-31,0.1,55.5,0,29.9,17,31,520300
1400000US17031520500,2020-05-31,0,71.6,0,58.1,17,31,520500
1400000US17031520600,2020-05-31,0.5,67.6,0.2,35.4,17,31,520600
1400000US17031530200,2020-05-31,0,40.6,0,22,17,31,530200
1400000US17031530400,2020-05-31,0,65.1,0,34.4,17,31,530400
1400000US17031530501,2020-05-31,0.1,45.3,0,23.4,17,31,530501
1400000US17031530503,2020-05-31,0.3,63.7,0.1,35.4,17,31,530503
1400000US17031530600,2020-05-31,0.2,50.4,0,41.5,17,31,530600
1400000US17031540102,2020-05-31,0,50.5,0,30.8,17,31,540102
1400000US17031550100,2020-05-31,0,53.2,0,27.2,17,31,550100
1400000US17031560100,2020-05-31,0,59.1,0,34.8,17,31,560100
1400000US17031560200,2020-05-31,0,65.5,0,53.8,17,31,560200
1400000US17031560300,2020-05-31,0,71.9,0,60.5,17,31,560300
1400000US17031560400,2020-05-31,0.2,72.5,0,44,17,31,560400
1400000US17031560700,2020-05-31,0.1,54.5,0.1,31.5,17,31,560700
1400000US17031560800,2020-05-31,0,67.9,0,58,17,31,560800
1400000US17031431400,2020-05-31,0.1,41.3,0.1,22.8,17,31,431400
1400000US17031560900,2020-05-31,0,72.5,0,63,17,31,560900
1400000US17031561000,2020-05-31,0,71.4,0,59.7,17,31,561000
1400000US17031561100,2020-05-31,0,70.6,0,61.2,17,31,561100
1400000US17031570100,2020-05-31,0,52,0,47.4,17,31,570100
1400000US17031570200,2020-05-31,0,60.6,0,52.9,17,31,570200
1400000US17031570300,2020-05-31,0.1,48.1,0,30.5,17,31,570300
1400000US17031570400,2020-05-31,0,44.4,0,25.9,17,31,570400
1400000US17031570500,2020-05-31,0,49.7,0,43.9,17,31,570500
1400000US17031580100,2020-05-31,0.1,47.8,0,42.2,17,31,580100
1400000US17031580200,2020-05-31,0.1,43.5,0,37,17,31,580200
1400000US17031580300,2020-05-31,0,40.3,0,34.3,17,31,580300
1400000US17031580400,2020-05-31,0.1,46.4,0.1,39,17,31,580400
1400000US17031580501,2020-05-31,0.1,38.6,0.1,24.7,17,31,580501
1400000US17031580700,2020-05-31,0,39.8,0,33.5,17,31,580700
1400000US17031590600,2020-05-31,0,44.4,0,38.5,17,31,590600
1400000US17031600400,2020-05-31,0.1,48.2,0,42.9,17,31,600400
1400000US17031600600,2020-05-31,0,48.8,0,43.8,17,31,600600
1400000US17031600900,2020-05-31,0.1,44.6,0.1,39.8,17,31,600900
1400000US17031610300,2020-05-31,0.1,30,0,25.6,17,31,610300
1400000US17031610800,2020-05-31,0.1,51,0,44.7,17,31,610800
1400000US17031611200,2020-05-31,0,27.7,0,22.8,17,31,611200
1400000US17031611400,2020-05-31,0,28.9,0,22.4,17,31,611400
1400000US17031611500,2020-05-31,0.2,35.6,0.2,18.5,17,31,611500
1400000US17031611700,2020-05-31,0.1,27.1,0,22.9,17,31,611700
1400000US17031611900,2020-05-31,0,30,0,19.9,17,31,611900
1400000US17031612000,2020-05-31,0,31.9,0,19.1,17,31,612000
1400000US17031612200,2020-05-31,0.1,27.7,0.1,20.1,17,31,612200
1400000US17031620100,2020-05-31,0,64.3,0,56.5,17,31,620100
1400000US17031620300,2020-05-31,0,57.7,0,48.6,17,31,620300
1400000US17031620400,2020-05-31,0,56.9,0,48.4,17,31,620400
1400000US17031630400,2020-05-31,0.1,45.2,0,38.4,17,31,630400
1400000US17031630500,2020-05-31,0.2,40.7,0.1,26,17,31,630500
1400000US17031630800,2020-05-31,0,47.8,0,40.7,17,31,630800
1400000US17031640100,2020-05-31,0,48.3,0,42.6,17,31,640100
1400000US17031640300,2020-05-31,0,65.5,0,55.3,17,31,640300
1400000US17031640500,2020-05-31,0.1,61.8,0.1,53.4,17,31,640500
1400000US17031640600,2020-05-31,0.1,57.3,0,46.7,17,31,640600
1400000US17031640800,2020-05-31,0,58.9,0,50.2,17,31,640800
1400000US17031650100,2020-05-31,0,52.6,0,45.8,17,31,650100
1400000US17031650301,2020-05-31,0.1,60.2,0,52.3,17,31,650301
1400000US17031650302,2020-05-31,0,60.8,0,52.2,17,31,650302
1400000US17031650500,2020-05-31,0.1,57.9,0.1,35.6,17,31,650500
1400000US17031660302,2020-05-31,0,41.9,0,26.4,17,31,660302
1400000US17031660400,2020-05-31,0.2,47.6,0.1,39.5,17,31,660400
1400000US17031660600,2020-05-31,0.2,38.1,0,22.6,17,31,660600
1400000US17031660700,2020-05-31,0,44.5,0,23.9,17,31,660700
1400000US17031660900,2020-05-31,0.1,35,0.1,29.6,17,31,660900
1400000US17031670100,2020-05-31,0.2,32.8,0,18.6,17,31,670100
1400000US17031670200,2020-05-31,0,29.7,0,16.7,17,31,670200
1400000US17031670400,2020-05-31,0.3,39.3,0.1,21.3,17,31,670400
1400000US17031670500,2020-05-31,0,38.1,0,20.6,17,31,670500
1400000US17031670700,2020-05-31,0.2,33.6,0,28.1,17,31,670700
1400000US17031670800,2020-05-31,0,37.5,0,21.6,17,31,670800
1400000US17031670900,2020-05-31,0,32.1,0,26.8,17,31,670900
1400000US17031671100,2020-05-31,0.2,33.7,0.2,17.9,17,31,671100
1400000US17031671200,2020-05-31,0,31,0,18.8,17,31,671200
1400000US17031671300,2020-05-31,0,38.4,0,21.4,17,31,671300
1400000US17031671400,2020-05-31,0,47.8,0,24.1,17,31,671400
1400000US17031671600,2020-05-31,0.1,34.9,0,16.3,17,31,671600
1400000US17031671900,2020-05-31,0,46.4,0,25.2,17,31,671900
1400000US17031672000,2020-05-31,0.2,52.2,0,27.3,17,31,672000
1400000US17031680500,2020-05-31,0,33.2,0,21.4,17,31,680500
1400000US17031680600,2020-05-31,0.1,22.6,0,14.4,17,31,680600
1400000US17031680900,2020-05-31,0.1,43.7,0,22.6,17,31,680900
1400000US17031681000,2020-05-31,0.1,34.1,0,17.6,17,31,681000
1400000US17031681100,2020-05-31,0,28.9,0,16.8,17,31,681100
1400000US17031681200,2020-05-31,0,30.3,0,19.1,17,31,681200
1400000US17031681300,2020-05-31,0,31.3,0,18.7,17,31,681300
1400000US17031681400,2020-05-31,0.2,34.4,0.1,17.9,17,31,681400
1400000US17031690300,2020-05-31,0.1,44.1,0,24.3,17,31,690300
1400000US17031690400,2020-05-31,0,32.1,0,18,17,31,690400
1400000US17031690900,2020-05-31,0.1,40.1,0,23.5,17,31,690900
1400000US17031691100,2020-05-31,0.2,36.8,0,20.8,17,31,691100
1400000US17031691200,2020-05-31,0.1,39.8,0,24.2,17,31,691200
1400000US17031691400,2020-05-31,0,45.1,0,25.3,17,31,691400
1400000US17031691500,2020-05-31,0,41.7,0,23.2,17,31,691500
1400000US17031700200,2020-05-31,0,65.4,0,56.4,17,31,700200
1400000US17031700301,2020-05-31,0.1,69.1,0.1,60.8,17,31,700301
1400000US17031700401,2020-05-31,0.3,66.8,0.1,41,17,31,700401
1400000US17031700402,2020-05-31,0.1,70.1,0.1,62.4,17,31,700402
1400000US17031700502,2020-05-31,0,74.3,0,63,17,31,700502
1400000US17031710100,2020-05-31,0,40.5,0,19.1,17,31,710100
1400000US17031710300,2020-05-31,0,47.1,0,35,17,31,710300
1400000US17031710500,2020-05-31,0,47.6,0,28.2,17,31,710500
1400000US17031710600,2020-05-31,0,47.7,0,37.9,17,31,710600
1400000US17031710800,2020-05-31,0.1,47.8,0,25.1,17,31,710800
1400000US17031710900,2020-05-31,0.1,51.7,0,30.4,17,31,710900
1400000US17031711100,2020-05-31,0,58.9,0,31.2,17,31,711100
1400000US17031711200,2020-05-31,0.1,62.9,0.1,30.6,17,31,711200
1400000US17031661000,2020-05-31,0,52.7,0,28.6,17,31,661000
1400000US17031711400,2020-05-31,0.1,56.2,0,34.3,17,31,711400
1400000US17031711500,2020-05-31,0.2,59,0.1,33.2,17,31,711500
